t,mean_em,mean_exact,mean_analytic,var_em,var_exact,var_analytic,mean_err_em_bp,mean_err_exact_bp
0.0,0.037199999999999095,0.037199999999999095,0.0372,8.137867801816254e-31,8.137867801816254e-31,0.0,-9.020562075079397e-12,-9.020562075079397e-12
0.08333333333333333,0.0372710115538238,0.037308219599891564,0.03731426952009441,2.0092212412771197e-05,1.8685036542096854e-05,1.906567153241665e-05,-0.4325796627061007,-0.060499202028455046
0.16666666666666666,0.03747171886696006,0.03734692911123222,0.037423875639037894,3.811100515671889e-05,3.747295894357573e-05,3.666419162776745e-05,0.47843227922166054,-0.7694652780567551
0.25,0.037636519362320486,0.037427114847421214,0.03752900867276313,5.4564253579406105e-05,5.291746124722227e-05,5.2910530610367574e-05,1.0751068955735383,-1.0189382534191855
0.3333333333333333,0.03770449333872798,0.03751205303630826,0.037629851170306275,7.031986898318432e-05,6.879391332096518e-05,6.791056164399498e-05,0.746421684217069,-1.1779813399801635
0.41666666666666663,0.03770897476553338,0.03763502426605633,0.03772657823077822,8.434172875961152e-05,8.129830919490273e-05,8.176178420903155e-05,-0.17603465244840633,-0.9155396472188687
0.5,0.03777662119298024,0.03778510577803859,0.03781935780740006,9.625738862508087e-05,9.53389890334838e-05,9.455398989238748e-05,-0.4273661441982213,-0.34252029361470093
0.5833333333333333,0.037884067346567636,0.037867197610491836,0.037908350999130785,0.00010749740532182914,0.00010733850292071917,0.00010636987509614053,-0.24283652563149294,-0.4115338863894952
0.6666666666666666,0.037897558040221664,0.037974755000432174,0.037993712330393385,0.00011749489225291664,0.00011933110295359893,0.00011728560490281994,-0.9615429017172106,-0.18957329961211133
0.75,0.03797719502206182,0.038016379778764126,0.03807559001938528,0.00012880864187625766,0.00012882393665829335,0.00012737133199666978,-0.9839499732345464,-0.5921024062115199
0.8333333333333333,0.0379505098400117,0.038186786806804845,0.038154126235438755,0.0001379625300299038,0.00013849867527966227,0.00013669167422869776,-2.0361639542705587,0.32660571366090185
0.9166666666666666,0.03801559429602748,0.03827581239708021,0.0382294573458785,0.00014795345534752215,0.00014868183073968148,0.0001453061541266832,-2.138630498510208,0.46355051201707465
1.0,0.038114559238183555,0.03833121734723168,0.038301714152804624,0.00015714862570904734,0.0001554698759632357,0.00015326960338759449,-1.8715491462106826,0.29503194427057955
1.0833333333333333,0.03819083387755629,0.03838065243721008,0.03837102212021253,0.0001658211177323439,0.00016241859135319891,0.00016063253514722012,-1.8018824265624012,0.09630316997549793
1.1666666666666665,0.038300867140343635,0.03845144834809984,0.038437501591843865,0.00017459203385365474,0.00016800988384878683,0.0001674414865985637,-1.3663445150022961,0.139467562559753
1.25,0.03832407109831488,0.03852690027403006,0.038501268000146825,0.0001808534249791187,0.00017592483709879378,0.00017373933432513996,-1.7719690183194692,0.2563227388323319
1.3333333333333333,0.038419888380783064,0.03859264643784123,0.03856243206670874,0.00018725982913423388,0.00018147780585605366,0.0001795655845263135,-1.4254368592567928,0.30214371132486484
1.4166666666666665,0.03852545912284546,0.038686446711451654,0.03862109999450885,0.00019081104985396133,0.00018761962547969956,0.00018495664013792892,-0.956408716633883,0.6534671694280458
1.5,0.03869827856367244,0.03871568129362785,0.03867737365232516,0.00019537651864576675,0.00019488088431148312,0.00018994604669148371,0.20904911347277566,0.3830764130269282
1.5833333333333333,0.03872908993746924,0.038749518873363635,0.038731350751615524,0.00019930330687486738,0.00019920467649766688,0.00019456471860788594,-0.022608141462820974,0.18168121748110555
1.6666666666666665,0.038767390248467676,0.038760071275898485,0.03878312501618018,0.00020255951198958045,0.00020353867134048214,0.0001988411474863887,-0.15734767712501097,-0.2305374028169216
1.75,0.038798298536547114,0.038797618242166654,0.03883278634490018,0.00020672068205962763,0.00020812328365330823,0.00020280159382467223,-0.34487808353064753,-0.35168102733525164
1.8333333333333333,0.038886289867215394,0.038858456219404834,0.03888042096783443,0.00021014265351505614,0.0002091082650136112,0.00020647026349137528,0.05868899380964687,-0.21964748429595393
1.9166666666666665,0.03891928119816333,0.038983635445224686,0.038926111595946326,0.0002138853517705376,0.00021510890762278567,0.0002098694701668753,-0.0683039778299338,0.5752384927835974
2.0,0.039005305490150646,0.03908800464519068,0.03896993756471996,0.00021734673451703383,0.00022134203580098706,0.0002130197848710429,0.353679254306849,1.1806708047071983
2.083333333333333,0.03907407167386644,0.03917959077818419,0.03901197497191522,0.00022161939081519633,0.00022507475016151566,0.00021594017360737676,0.6209670195121697,1.6761580626897117
2.1666666666666665,0.0390775055680527,0.03924245878507537,0.03905229680970112,0.00022582152195523984,0.00022689519789667302,0.00021864812407074424,0.25208758351581706,1.9016197537424784
2.25,0.03911780900796974,0.03931205691548297,0.03909097309139662,0.00022852385688199346,0.00022892637298616188,0.00022115976229033672,0.26835916573118845,2.2108382408635165
2.333333333333333,0.03924829999396042,0.03934786898403231,0.03912807097303913,0.00023242453781543388,0.00023219381884842454,0.0002234899600098734,1.2022902092129195,2.197980109931788
2.4166666666666665,0.03927917772502348,0.039387393346405404,0.0391636548699917,0.00023691503948607088,0.00023649559570510412,0.00022565243354307109,1.155228550317744,2.237384764137013
2.5,0.039269446859383716,0.03934768255227992,0.03919778656879147,0.00023780511731684906,0.00023547738301931887,0.00022765983478349326,0.7166029059224588,1.498959834884475
2.583333333333333,0.0392992220983587,0.039414844223194086,0.03923052533443343,0.00023906801298605895,0.00023630246056195658,0.00022952383499369623,0.686967639252703,1.8431888876065812
2.6666666666666665,0.03927761271251952,0.039492832041045096,0.039261928013275965,0.00023978145586775232,0.00023743921577165544,0.00023125520194872042,0.15684699243553868,2.3090402776913126
2.75,0.039299925624159744,0.03955755256346293,0.039292049131746706,0.00023958140599136064,0.00023909640357319865,0.00023286387096308918,0.07876492413037839,2.6550343171622552
2.833333333333333,0.03940906405162569,0.03954857108828324,0.03932094099102018,0.00024356528690716976,0.00023907773239194332,0.00023435901028826098,0.8812306060550917,2.2763009726305823
2.9166666666666665,0.03942700970208597,0.03963340675875154,0.03934865375783158,0.00024379943071267587,0.00024019882845915082,0.00023574908132862786,0.7835594425439213,2.8475300091995726
3.0,0.0394330153733416,0.039720588556715765,0.0393752355515844,0.00024796022274965886,0.0002419005125057668,0.0002370418940884114,0.5777982175720481,3.4535300513136717
3.083333333333333,0.039412455225454925,0.0397709336845389,0.039400732527903146,0.00024810769754315335,0.00024497917277660453,0.00023824465822891596,0.1172269755177896,3.7020115663575353
3.1666666666666665,0.0394595398133474,0.039833372454288495,0.03942518895877625,0.0002479594420714724,0.0002456327372636397,0.00023936403008533377,0.3435085457114545,4.081834955122418
3.25,0.03947528555325836,0.039798329491193905,0.03944864730942826,0.00025235406425901005,0.0002450030576622608,0.00024040615596444983,0.2663824383010438,3.4968218176564814
3.333333333333333,0.039568871036741816,0.03980485987457763,0.039471148312054824,0.00025483714228972807,0.00024312483993208683,0.0002413767120189707,0.9772272468699245,3.3371156252280656
3.4166666666666665,0.03954915184870797,0.039773300292437114,0.03949273103654862,0.00025530615320838214,0.0002454056565193929,0.0002422809409706241,0.5642081215934819,2.805692558884923
3.5,0.0395377779738342,0.03989453584390342,0.03951343295833876,0.00025560999248758486,0.0002465017348188387,0.00024312368593247844,0.2434501549544027,3.811028855646645
3.583333333333333,0.039508244109079035,0.039878145109708774,0.03953329002346175,0.0002568262951348069,0.000247041839534003,0.00024390942156097043,-0.25045914382716694,3.448550862470215
3.6666666666666665,0.03945682233855375,0.03989807339749958,0.039552336710976854,0.00025638346501799373,0.0002472882633452147,0.00024464228274975915,-0.9551437242310418,3.457366865227268
3.75,0.03945360378349826,0.039932642376333434,0.0395706060928342,0.0002571490209160043,0.00024983693818879426,0.0002453260910606188,-1.170023093359368,3.620362834992341
3.833333333333333,0.039593734967620774,0.03987855174870245,0.039588129891299666,0.000256923816626868,0.0002506558770737837,0.00024596437907103215,0.0560507632110796,2.904218574027867
3.9166666666666665,0.03959219159968298,0.03986910027524755,0.039604938534036245,0.00025725619636363583,0.00024961472998071314,0.0002465604128038301,-0.12746934353262407,2.6416174121130647
4.0,0.039658484739497575,0.0397329694021447,0.03962106120693749,0.00025991725732334083,0.0002491107789026171,0.0002471172123910561,0.37423532560088013,1.1190819520721234
4.083333333333333,0.03963022990350584,0.039666072784407536,0.03963652590480477,0.0002593727839931056,0.00024852455440837925,0.0002476375711121111,-0.06296001298929099,0.29546879602763976
4.166666666666666,0.03965508760465369,0.03967373685364428,0.039651359479956454,0.00026044318120318745,0.00024719134889346003,0.0002481240729350848,0.037281246972331594,0.22377373687827717
4.25,0.0396598082952182,0.03975757361746035,0.039665587688853185,0.0002625028131138227,0.00024973904166819745,0.0002485791086799155,-0.05779393634983143,0.9198592860716615
4.333333333333333,0.03967049556962798,0.039700117425083545,0.03967923523682047,0.00026273775505329016,0.00025080358817113085,0.0002490048909125772,-0.08739667192496359,0.20882188263071644
4.416666666666666,0.03967490953083466,0.039650442583182816,0.03969232582094609,0.0002605649002609273,0.0002520988984106665,0.000249403467670801,-0.17416290111427202,-0.4188323776327385
4.5,0.039687620417104205,0.039690712763105054,0.03970488217122678,0.0002602448935843429,0.00025132266167843205,0.0002497767351138434,-0.1726175412257447,-0.1416940812172529
4.583333333333333,0.03974546242298636,0.03974310704289855,0.03971692609003579,0.0002613287287616076,0.00025326265761306825,0.0002501264491814512,0.28536332950572507,0.26180952862761564
4.666666666666666,0.039699230499916124,0.03969102539219874,0.039728478489979666,0.0002604553806111813,0.00025358802984743953,0.00025045423634040254,-0.29247990063541174,-0.3745309778092898
4.75,0.039635496929747216,0.03970834605513855,0.039739559430210146,0.00025693821503480605,0.0002529212758876218,0.0002507616034907708,-1.0406250046293004,-0.31213375071593996
4.833333333333333,0.03957399651362429,0.039748612025877206,0.03975018815125407,0.00025724447698687736,0.0002546786143700463,0.0002510499470983209,-1.7619163762978145,-0.01576125376864801
4.916666666666666,0.03957435020445372,0.03975207288409757,0.03976038310842196,0.00025556049423442254,0.0002535558575341474,0.0002513205616141722,-1.8603290396824317,-0.08310224324389881
5.0,0.03960052223420252,0.0397696434290389,0.03977016200385308,0.000258929035455785,0.00025517681971989756,0.00025157464723800084,-1.696397696505647,-0.005185748141803281
5.083333333333333,0.03963058089122414,0.03976500881959332,0.03977954181725279,0.0002585112347101467,0.000256017895365896,0.0002518133170765884,-1.489609260286462,-0.14532997659466584
5.166666666666666,0.039618156094885795,0.039784564267433015,0.039788538835375434,0.00025694832388324743,0.00025128184953873776,0.0002520376037454043,-1.7038274048963853,-0.03974567942419127
5.25,0.0395702234389977,0.03979728399292692,0.0397971686803041,0.0002539868367866591,0.0002517452573693678,0.0002522484654571287,-2.269452413063977,0.0011531262281844201
5.333333333333333,0.03953024747765069,0.039792990588439055,0.03980544633657616,0.0002555613129476978,0.0002514649207861529,0.0002524467916375329,-2.7519885892546974,-0.12455748137102374
5.416666666666666,0.03953075796262888,0.03977023356736318,0.03981338617720189,0.00025457179083781503,0.0002526102025449034,0.0002526334081059305,-2.8262821457301217,-0.4315260983871194
5.5,0.03959565329982918,0.039766174496260236,0.03982100198862122,0.00025424607787011104,0.0002530036734051843,0.0002528090818544594,-2.2534868879204444,-0.5482749236098566
5.583333333333333,0.039606234199901925,0.03971869894533056,0.039828306994641974,0.0002519263311414902,0.00024907579088657826,0.0002529745254577379,-2.220727947400483,-1.0960804931141321
5.666666666666666,0.03960902370978795,0.03973416552624141,0.039835313879401195,0.00024993503965660305,0.0002478901404857842,0.0002531304011419393,-2.262901696132441,-1.0114835315978148
5.75,0.03966489536459843,0.03972029238474462,0.03984203480938942,0.00025297810834171445,0.00024836218431046686,0.0002532773245400251,-1.7713944479098853,-1.2174242464479956
5.833333333333333,0.039662956544888446,0.03976737039887366,0.0398484814545761,0.0002528989808015069,0.00024932294315119506,0.00025341586815776296,-1.85524909687651,-0.8111105570243748
5.916666666666666,0.039664361338570146,0.03977499153167476,0.039854665008672886,0.0002533966531424282,0.0002497244763104911,0.0002535465645732011,-1.9030367010273996,-0.7967347699812388
6.0,0.03972177054903295,0.039742053429036917,0.03986059620856998,0.0002527551456214564,0.00024589489381185637,0.00025366990939048093,-1.388256595370313,-1.1854277953306236
6.083333333333333,0.03976532636031318,0.03991609554116,0.039866285352979286,0.00025406175825898244,0.00024811203878729487,0.00025378636396721334,-1.0095899266610724,0.49810188180711423
6.166666666666666,0.03983582000952157,0.039912420107749876,0.039871742320316664,0.0002582014739102679,0.00024797584403253776,0.0002538963579331286,-0.35922310795091783,0.40677787433211765
6.25,0.039852329274025086,0.03996585918723213,0.03987697658585446,0.00025797289646997467,0.0002517126946542718,0.00025400029151630523,-0.24647311829370522,0.8888260137767529
6.333333333333333,0.039871561105012755,0.03992289785836265,0.039881997238174025,0.00025775568768960917,0.00024879952753460325,0.0002540985376919987,-0.1043613316126929,0.40900620188626113
6.416666666666666,0.03988573514827577,0.03992178270625066,0.039886812994946765,0.0002565821171495446,0.00024981756706637367,0.00025419144416790273,-0.010778466709923662,0.34969711303893536
6.5,0.039882993911507424,0.039879213496720266,0.03989143221807118,0.000254579710896675,0.0002484762234536279,0.00025427933521858515,-0.08438306563753051,-0.122187213509109
6.583333333333333,0.039951221119316406,0.039806735255089536,0.03989586292819215,0.00025414525872672017,0.0002488283140946689,0.00025436251338083497,0.5535819112425372,-0.8912767310261666
6.666666666666666,0.03993327678893107,0.039763172240863426,0.039900112818627695,0.0002568671666057534,0.00024907675967974146,0.00025444126102073156,0.3316397030337509,-1.3694057776426904
6.75,0.0399257145693622,0.03976619481121607,0.03990418926872734,0.00025821069140005476,0.00024505452438203,0.0002545158417823966,0.2152530063485869,-1.3799445751126738
6.833333333333333,0.0399497704089164,0.039768559112318844,0.03990809935668534,0.0002592749462983567,0.00024659312032068064,0.0002545865019276029,0.41671052231059824,-1.3954024436649974
6.916666666666666,0.03990438049638546,0.039759623719104395,0.03991184987183104,0.0002577775098231731,0.00024570382521297115,0.00025465347157469485,-0.07469375445580406,-1.522261527266422
7.0,0.0398503153880056,0.03980142401636068,0.03991544732641751,0.00025891834827744537,0.00024889891169548246,0.0002547169658446076,-0.6513193841191367,-1.140233100568322
7.083333333333333,0.039803649577387655,0.03980151862700822,0.03991889796692928,0.00026063449558141487,0.00025067302838557674,0.00025477718592116326,-1.1524838954162648,-1.173793399210643
7.166666666666666,0.03984868990608045,0.039835026375829634,0.03992220778492845,0.00026039282876661574,0.00025265980781903266,0.00025483432003225537,-0.7351787884799649,-0.87181409098816
7.25,0.0399325984903823,0.03987032183993225,0.039925382527458204,0.0002615144243916877,0.000252311485940652,0.00025488854435801753,0.07215962924092545,-0.5506068752595544
7.333333333333333,0.03987435610301043,0.03986574561014664,0.03992842770702178,0.000259009331304589,0.00025267579797052137,0.00025494002387159117,-0.540716040113437,-0.6268209687513432
7.416666666666666,0.03983054083241007,0.039840943055253195,0.03993134861115417,0.00025842696402833776,0.00025095336994759046,0.00025498891311766974,-1.0080777874409836,-0.9040555590097282
7.5,0.03989955666132339,0.039837089322916366,0.039934150311603175,0.0002584889831701424,0.0002498730404056436,0.00025503535693358894,-0.3459365027978778,-0.9706098868680901
7.583333333333333,0.03991359464089713,0.039844825175668425,0.03993683767313584,0.00026077712755890594,0.0002480684086200219,0.00025507949111736305,-0.2324303223871088,-0.9201249746741691
7.666666666666666,0.03996315425819976,0.039828401142670736,0.03993941536198542,0.0002620212801598485,0.0002483443715418772,0.00025512144304671994,0.23738896214341165,-1.1101421931468403
7.75,0.04003156141660624,0.03981803446625044,0.03994188785395364,0.000260486223550499,0.0002485972609680211,0.00025516133225287355,0.8967356265260351,-1.238533877031961
7.833333333333333,0.03999366723420692,0.03985255485561223,0.03994425944218235,0.000260518300170821,0.00025217161046194275,0.0002551992709524791,0.4940779202457224,-0.9170458657011687
7.916666666666666,0.040052122882442365,0.03989359807190782,0.03994653424460792,0.000258726647945026,0.0002530804179233463,0.0002552353645409506,1.0558863783444172,-0.529361727001007
8.0,0.040117505576592924,0.039871027516747246,0.03994871621111155,0.0002594848093799895,0.0002505836451334088,0.0002552697120500688,1.6878936548137684,-0.7768869436430154
8.083333333333332,0.04016351769714118,0.039920609595619765,0.03995080913037758,0.00025961277729920937,0.0002514936764831233,0.00025530240657258425,2.1270856676360026,-0.30199534757816004
8.166666666666666,0.04012642787207329,0.039844387223088716,0.03995281663647215,0.0002612514797927889,0.0002506775822177906,0.00025533353565630734,1.736112356011399,-1.0842941338343182
8.25,0.040213925715260834,0.03983587619365629,0.03995474221515314,0.00026342529588780007,0.0002494108946511738,0.0002553631816699846,2.591835001076945,-1.1886602149684817
8.333333333333332,0.04020453788665211,0.03976824744499184,0.039956589209922774,0.00026521687799187807,0.00024917926868812284,0.000255391422143083,2.4794867672933707,-1.8834176493093269
8.416666666666666,0.04019626685862065,0.03978235885590486,0.03995836082783315,0.00026552537557183813,0.0002487359019338334,0.00025541833008143927,2.3790603078750054,-1.7600197192828988
8.5,0.04016048827902375,0.03976267153046048,0.0399600601450548,0.00026679431604529605,0.00024757541018644453,0.00025544397426058014,2.0042813396894954,-1.973886145943196
8.583333333333332,0.040154173528607326,0.039834797470933166,0.0399616901122181,0.0002657434661520667,0.0002496088204199779,0.0002554684194983803,1.9248341638922888,-1.2689264128493138
8.666666666666666,0.04018433383246133,0.0399322715904544,0.03996325355953657,0.0002660125429188781,0.0002497686852405611,0.00025549172690859576,2.2108027292476464,-0.3098196908216805
8.75,0.040215598070910165,0.039922836786788,0.03996475320172119,0.00026403651295359767,0.0002506716017162605,0.0002555139541366937,2.508448691889778,-0.41916414933187984
8.833333333333332,0.04021310057806729,0.03996978287872687,0.03996619164269411,0.00026393170524850284,0.0002504203842935854,0.00025553515557928783,2.4690893537317877,0.035912360327600146
8.916666666666666,0.040199268418354236,0.03993011212113213,0.03996757138011001,0.0002633836712977515,0.00024957216192582105,0.0002555553825883909,2.316970382442232,-0.3745925897788438
9.0,0.04018292825738257,0.039927853940084725,0.03996889480969292,0.0002606669043354447,0.00025046248918890007,0.0002555746836616017,2.1403344768965162,-0.41040869608197084
9.083333333333332,0.04023888971385086,0.039945107837138394,0.03997016422939608,0.00025910981941486424,0.000254236883439804,0.00025559310461925833,2.687254844547793,-0.2505639225768713
9.166666666666666,0.040242005020684285,0.03993742911947179,0.03997138184339199,0.0002586727178307043,0.0002553889542858305,0.00025561068876951156,2.706231772922965,-0.3395272392019838
9.25,0.04022441055995871,0.039959932791677394,0.0399725497658997,0.0002598076791461544,0.0002564473819667764,0.00025562747706219836,2.5186079405901256,-0.1261697422230701
9.333333333333332,0.04028226197678411,0.039969774336990324,0.039973670024855815,0.0002624710097971346,0.0002526551660476323,0.00025564350823233106,3.08591951928297,-0.03895687865490549
9.416666666666666,0.04024646805436297,0.03998728595477144,0.03997474456543575,0.0002638637767736985,0.0002562205638016864,0.00025565881893395236,2.7172348892721967,0.12541389335686548
9.5,0.0402863907190941,0.04004046390944914,0.03997577525343126,0.00026255600892237466,0.00025817714878540826,0.0002556734438650521,3.1061546566284184,0.6468865601787915
9.583333333333332,0.040280885892422576,0.04009139892769866,0.039976763878490126,0.00026253046894757405,0.0002572700260646236,0.00025568741588418955,3.0412201393244938,1.146350492085349
9.666666666666666,0.040205073941823384,0.04005314903557228,0.03997771215722362,0.0002619268731147825,0.00025537290527033013,0.000255700766119413,2.2736178459976246,0.7543687834865587
9.75,0.0401867456731282,0.040038217599632796,0.03997862173618719,0.00026124720839999885,0.00025555515855801934,0.0002557135240700291,2.0812393694100844,0.595958634456023
9.833333333333332,0.04022471525815389,0.04014047743347474,0.03997949419473946,0.00026344523251806883,0.0002575778909752863,0.00025572571770172736,2.452210634144303,1.6098323873528497
9.916666666666666,0.04024581288954967,0.040146015272534294,0.039980331047784555,0.00026436053448205274,0.0002584160230943165,0.000255737373535532,2.654818417651139,1.6568422474973894
10.0,0.0401992448788896,0.04016338977486317,0.039981133748402564,0.0002633239518037905,0.0002583779178715098,0.0002557485167310163,2.1811113048703783,1.8225602646060324
