t,mean_gap_bp,p05_bp,p95_bp,abs_mean_gap_bp
0.0,0.0,0.0,0.0,0.0
0.08333333333333333,-0.3720804606773118,-103.72367244230023,100.43581029898844,49.388719858069294
0.16666666666666666,1.247897557279746,-141.55914983616807,142.67539824211246,69.3542142060246
0.25,2.0940451489910314,-170.27858454085947,170.31693606038593,82.81188621849005
0.3333333333333333,1.9244030241962886,-192.0058381845094,195.2509531202602,93.23355400422024
0.41666666666666663,0.7395049947700941,-209.81094838608726,210.4632268931525,101.87466628501208
0.5,-0.08484585058084909,-223.08202028214475,222.40195106579048,109.24948686166812
0.5833333333333333,0.16869736075855965,-239.79740032126162,238.7260922517595,115.16107541792866
0.6666666666666666,-0.7719696021062132,-251.69980010125641,250.26785641294455,121.29214338213885
0.75,-0.3918475670242471,-258.183392545533,260.82352995570307,126.09521159394853
0.8333333333333333,-2.362769667929907,-275.4459167593359,265.915626162728,131.08917923516745
0.9166666666666666,-2.6021810105248306,-287.8291729770311,278.00497158529237,135.86178902810872
1.0,-2.166581090482023,-294.45451637325226,283.34515926434807,139.59890809327888
1.0833333333333333,-1.8981855965357826,-298.21656630640894,290.670413822852,142.0711552861811
1.1666666666666665,-1.5058120775598696,-302.52207003193035,301.53939274080574,145.60882993547995
1.25,-2.0282917571527834,-313.5311193834605,309.960325734053,148.68779109798172
1.3333333333333333,-1.7275805705827048,-314.61959285793364,308.27377298091994,150.4143863620557
1.4166666666666665,-1.609875886061237,-317.2096875125134,317.82173735069273,151.63953916699484
1.5,-0.1740272995521951,-315.621866049514,320.088497790881,153.7002398642138
1.5833333333333333,-0.20428935894517758,-319.92013980270144,321.54970551435923,154.73127563440457
1.6666666666666665,0.0731897256921202,-320.1561533247818,324.0585351059844,156.40088142162068
1.75,0.006802943801981679,-328.39995233612945,328.45873135539887,158.47875961520182
1.8333333333333333,0.2783364781036871,-333.791010511223,332.5811500260109,159.17094839247844
1.9166666666666665,-0.643542470613716,-335.7035334277263,335.19221090757696,161.17474652682748
2.0,-0.8269915503997861,-342.70896564206527,333.9298218775501,162.1182071732825
2.083333333333333,-1.0551910431747253,-343.78531745147484,340.87680600424255,163.74984418971886
2.1666666666666665,-1.649532170228026,-345.6576004667914,339.65862540831495,165.04407686663382
2.25,-1.9424790751335066,-345.8671034052607,344.02957218223713,165.51566105510318
2.333333333333333,-0.9956899007173434,-355.65371525532817,342.0946035311901,166.20626110127952
2.4166666666666665,-1.0821562138188328,-357.92270380649296,351.16974218758304,166.60736808168159
2.5,-0.7823569289622305,-352.94459390276126,345.3054329974367,167.12998575465465
2.583333333333333,-1.1562212483527627,-353.92418251818003,343.2309927636749,168.20848165041878
2.6666666666666665,-2.1521932852556627,-354.6697260439421,343.2152820967096,168.55262300674053
2.75,-2.576269393035659,-357.83844477607886,345.6945133998197,169.051884402894
2.833333333333333,-1.395070366576222,-351.3603061790303,353.7532375823869,169.47996749001854
2.9166666666666665,-2.063970566651962,-360.16042092183835,350.5057043029612,169.89515533825218
3.0,-2.8757318337436732,-364.01047314154266,355.2632859779683,170.50630840396073
3.083333333333333,-3.584784590841813,-363.9269400500048,347.64294278790834,170.47618829514613
3.1666666666666665,-3.738326409409104,-365.9281197263446,353.41757534064453,171.11072017762828
3.25,-3.2304393793569575,-366.15871908244725,354.72802761212523,172.0651777045712
3.333333333333333,-2.359888378359192,-364.6791339945087,362.84814432136255,172.0635388382643
3.4166666666666665,-2.2414844372934053,-364.6614959634145,358.628833086428,172.5103069357018
3.5,-3.5675787006902664,-367.8064725231428,359.9606663874347,173.53064555016306
3.583333333333333,-3.699010006299573,-372.4770088326144,366.15037059991107,174.0223629818604
3.6666666666666665,-4.4125105894577885,-375.6413482800791,365.1182359407258,173.04081198308248
3.75,-4.790385928349582,-371.43549706527716,357.91593682576445,174.19286155258442
3.833333333333333,-2.8481678108178934,-371.55709822587846,365.4045766437279,174.35347622340026
3.9166666666666665,-2.7690867556478556,-368.70215642734706,360.6679201004416,174.46639662739676
4.0,-0.7448466264710948,-367.647221366606,365.81081714069126,174.5697288731437
4.083333333333333,-0.3584288090176786,-365.72390998231305,369.27628427921695,174.62579408231187
4.166666666666666,-0.1864924899075205,-363.5740502354412,372.020054962931,175.10335425736588
4.25,-0.9776532224180882,-372.3582115844309,371.5509217821415,175.93503520892105
4.333333333333333,-0.2962185545556288,-370.742292982236,375.5081082544761,175.4887937384831
4.416666666666666,0.24466947651981086,-362.16725111401405,373.3384984768786,174.70553867199627
4.5,-0.03092346001111895,-364.5141524857972,372.7774989225415,174.72383903607872
4.583333333333333,0.023553800880033598,-367.330769779998,366.6180480659118,176.40008524824472
4.666666666666666,0.08205107717681218,-366.09110712680086,372.00509868040973,177.50064724097206
4.75,-0.7284912539143384,-369.58110050029467,369.8107894669685,176.30442844758645
4.833333333333333,-1.7461551225291818,-370.8304837776065,362.8828383391054,176.03313526533435
4.916666666666666,-1.7772267964386015,-368.40387309926894,364.31585729817687,174.3471837961695
5.0,-1.6912119483635926,-368.04203624761453,364.2614642675369,174.60865777511566
5.083333333333333,-1.3442792836932038,-367.2901501761576,366.35444180208134,174.04675323940302
5.166666666666666,-1.664081725470965,-368.5891848840838,358.20911495911383,172.66057813076287
5.25,-2.270605539292978,-368.9467532933233,358.047910727358,173.01504743252147
5.333333333333333,-2.6274311078829102,-369.3337514381846,362.5786343507513,172.6813171665111
5.416666666666666,-2.3947560473429617,-367.9687676745463,363.48281815910474,172.31189968933253
5.5,-1.7052119643095254,-368.5364547229353,366.3607716593197,172.8385244680172
5.583333333333333,-1.1246474542864184,-364.95638541170314,360.1792374343659,173.103375723349
5.666666666666666,-1.2514181645335998,-361.65458038209727,358.08534683615466,172.84768628761685
5.75,-0.5539702014601116,-367.2082635648817,366.17496382569044,174.32592365742008
5.833333333333333,-1.0441385398506444,-365.63380560623193,367.9190290553297,174.6679113055447
5.916666666666666,-1.1063019310466398,-370.64244710940227,367.57552904179204,175.27229542658705
6.0,-0.20282880004175377,-366.2882038838257,367.8482610465977,174.45443151578115
6.083333333333333,-1.5076918084658164,-372.01181440091835,363.4777289965303,175.3579929148549
6.166666666666666,-0.7660009822847101,-371.66309860998626,369.8359383659954,176.01682152636064
6.25,-1.1352991320714783,-378.3992632464683,363.69903540432387,176.6153008679076
6.333333333333333,-0.513367533500972,-376.16838030064645,366.67994245421727,176.88782805889215
6.416666666666666,-0.360475579747382,-374.23863435555904,362.8280925773845,176.68791416842538
6.5,0.03780414786991297,-370.0184095399544,362.95079687116845,177.0259549844359
6.583333333333333,1.4448586422692433,-373.65360476342624,366.3881865344685,176.97946188541547
6.666666666666666,1.70104548067667,-372.73921864683575,373.73254500163654,178.17360264612643
6.75,1.5951975814605552,-371.1123529335434,370.563420817214,177.29924857679225
6.833333333333333,1.8121129659760733,-369.48313296561844,378.2706606543393,177.0278171283828
6.916666666666666,1.4475677728086356,-371.0876224484303,374.07717954977244,176.6902192976009
7.0,0.4889137164498309,-369.52735418863557,369.67672095548403,177.9650312467785
7.083333333333333,0.021309503796415608,-372.6362327795076,380.5510492365866,177.58310822995475
7.166666666666666,0.1366353025075645,-377.0416270780528,375.28424762358895,176.8634468838487
7.25,0.6227665045003163,-379.0490011481181,372.1836606165104,177.15552295664517
7.333333333333333,0.08610492863825844,-377.13636735748145,374.16980587114443,178.01086294361608
7.416666666666666,-0.10402222843100625,-376.6841291679504,370.74578744930614,177.3216681278422
7.5,0.6246733840703513,-375.26578716580485,372.41401032896624,176.7952831206618
7.583333333333333,0.6876946522877853,-370.31286984173164,370.05662404006034,177.49801039049265
7.666666666666666,1.3475311552898541,-369.45534313114655,373.55798187920175,177.5167145894374
7.75,2.1352695035606475,-369.2398064624088,375.2094124888507,178.10656151518975
7.833333333333333,1.4111237859466965,-369.1900197694145,374.51881585060534,178.27369138966912
7.916666666666666,1.5852481053458294,-368.2575673437363,373.54008547836736,177.68281671326667
8.0,2.464780598455925,-367.9093113004832,373.45134470827696,177.57418689391417
8.083333333333332,2.429081015214528,-365.4456665555343,374.000990482063,177.54516802855892
8.166666666666666,2.820406489849405,-364.4472638020365,377.4812970517551,178.22939445867613
8.25,3.7804952160472873,-363.640634196413,377.75225891525037,177.87805606568944
8.333333333333332,4.362904416601604,-366.92113021784934,374.2202758197135,177.9662866852948
8.416666666666666,4.139080027157422,-367.7586178262873,378.36230363547503,176.9953287843852
8.5,3.9781674856333757,-370.5755984656612,377.0900576424159,176.71348484840382
8.583333333333332,3.193760576741908,-369.00590306141635,370.2953848831803,177.2302033447077
8.666666666666666,2.5206224200678453,-368.5511400160011,375.95310872118534,177.04540299571443
8.75,2.927612841221417,-369.32706312063493,373.8806617339233,176.32558276642322
8.833333333333332,2.4331769934028387,-369.38987468079375,376.4892146051748,176.18135701038685
8.916666666666666,2.6915629722189087,-370.80585884461635,377.2588752189464,176.26462156372165
9.0,2.5507431729794465,-366.9720200833781,373.96913493259217,176.4689681725199
9.083333333333332,2.9378187671248335,-372.74649317490054,372.8996688927277,176.431340847638
9.166666666666666,3.04575901212457,-373.3135198098123,372.71904772736576,175.99953585941302
9.25,2.644777682814549,-374.68546909409076,366.7078740410731,176.60164861821698
9.333333333333332,3.1248763979406458,-373.1604326017561,371.4846784721139,176.41340863275033
9.416666666666666,2.591820995916194,-375.7019540262784,370.86894723976144,177.09165472129513
9.5,2.459268096447692,-372.3111083034246,371.87485755282637,177.1954807484589
9.583333333333332,1.8948696472391908,-368.37745421385256,371.0641201281698,177.3945301661831
9.666666666666666,1.519249062510624,-368.2823433323692,373.372711293079,177.0318145373448
9.75,1.4852807349564363,-375.38171579565017,369.958066187103,177.5231358688721
9.833333333333332,0.842378246791177,-375.02016333655575,373.5137730852245,178.22424633190258
9.916666666666666,0.9979761701547245,-377.67738583479644,374.94302138254625,178.65437084262578
10.0,0.35855104026466667,-373.1042567854649,377.21158224674804,178.37366362912306
