k,t_k,bond,E_dV_over_V,MC_SE_dV_over_V,E_r_dt,MC_SE_r_dt,residual,residual_bp_per_month,z_stat
0,0.0,A,0.0030771241313212456,3.4876446580247936e-05,0.0030999999999999995,0.0,-2.287586867875382e-05,-0.22875868678753822,-0.6559116802830891
1,0.08333333333333333,A,0.003094744149476843,3.389554620400323e-05,0.0031117516541171613,2.4048365286283314e-06,-1.700750464031812e-05,-0.17007504640318122,-0.5017622238024136
2,0.16666666666666666,A,0.0031413206388792064,3.252312771147164e-05,0.0031226571329557363,3.351356151308919e-06,1.8663505923470144e-05,0.18663505923470144,0.5738533541128981
3,0.25,A,0.0031048097155883547,3.2124092546661394e-05,0.0031305430655556043,3.971039738257651e-06,-2.573334996724963e-05,-0.2573334996724963,-0.8010607592999248
4,0.3333333333333333,A,0.0031659960344954333,3.1109447848234066e-05,0.003141446456552313,4.560877856660575e-06,2.4549577943120456e-05,0.24549577943120457,0.7891357655360642
5,0.41666666666666663,A,0.0031903434290381136,3.012995165369962e-05,0.003148047021848351,4.9541367886379214e-06,4.229640718976264e-05,0.42296407189762636,1.4037993713331802
6,0.5,A,0.003134741592483621,2.905093760648403e-05,0.0031528802355903158,5.303554920585765e-06,-1.8138643106694642e-05,-0.1813864310669464,-0.6243737586853714
7,0.5833333333333333,A,0.0031725107171705113,2.7551660495691704e-05,0.0031625142956896815,5.632753649902652e-06,9.996421480829801e-06,0.09996421480829801,0.3628246465360212
8,0.6666666666666666,A,0.003175055721590152,2.6347342063660126e-05,0.00316934269637089,5.857909357726069e-06,5.713025219262081e-06,0.05713025219262081,0.21683497354148054
9,0.75,A,0.003165636303195121,2.5348050408579283e-05,0.0031762736130569623,6.068565863243036e-06,-1.0637309861841453e-05,-0.10637309861841454,-0.4196500200363006
10,0.8333333333333333,A,0.003198383076040147,2.4029761275974564e-05,0.003184529359594322,6.267596055928145e-06,1.3853716445824844e-05,0.13853716445824843,0.5765232657419725
11,0.9166666666666666,A,0.003213709897491016,2.2752704088165865e-05,0.0031900079305288835,6.486752691687175e-06,2.370196696213243e-05,0.2370196696213243,1.0417208816274413
12,1.0,A,0.003205296240605144,2.1340487618704975e-05,0.003194129410797616,6.6705551016494775e-06,1.11668298075282e-05,0.111668298075282,0.5232696650164851
13,1.0833333333333333,A,0.0032140574192284104,2.0053396841203242e-05,0.003199426289167329,6.803047618609529e-06,1.4631130061081455e-05,0.14631130061081454,0.7296085634239889
14,1.1666666666666665,A,0.003210013619462094,1.8429868899480245e-05,0.0032040269007280573,6.919226980851023e-06,5.986718734036622e-06,0.05986718734036622,0.3248378361609212
15,1.25,A,0.0032402672644798146,1.7096884427256678e-05,0.0032095526983567245,7.041118109862542e-06,3.0714566123090075e-05,0.30714566123090076,1.7965007749671298
16,1.3333333333333333,A,0.003193365848990436,1.5560588573515728e-05,0.003211062556651121,7.1327696562233784e-06,-1.7696707660684596e-05,-0.17696707660684596,-1.1372775250162814
17,1.4166666666666665,A,0.003240864396630783,1.4181510545335633e-05,0.00322044388929192,7.208284636861041e-06,2.042050733886292e-05,0.2042050733886292,1.4399388043736514
18,1.5,A,0.0032286869254161276,1.2652474999935474e-05,0.003222504620378375,7.268420701197076e-06,6.182305037752411e-06,0.061823050377524114,0.4886241654525253
19,1.5833333333333333,A,0.0032299883654161284,1.1276094593896904e-05,0.003227341583204332,7.378143421002839e-06,2.6467822117964487e-06,0.026467822117964487,0.23472508054597185
20,1.6666666666666665,A,0.0032392203728791023,9.83661436148405e-06,0.0032330464208827543,7.453786384373201e-06,6.173951996348015e-06,0.06173951996348015,0.627650100884564
21,1.75,A,0.0032456210618961876,8.624842085157183e-06,0.0032375935093310786,7.504427640093348e-06,8.02755256510898e-06,0.08027552565108981,0.9307477732170771
22,1.8333333333333333,A,0.0032519676246101446,7.774903043367698e-06,0.003241122849458056,7.5710244580680595e-06,1.0844775152088655e-05,0.10844775152088655,1.3948437802500548
23,1.9166666666666665,A,0.003248416392409276,7.520349265137492e-06,0.0032410803008549854,7.644605916281823e-06,7.3360915542907724e-06,0.07336091554290772,0.9754987827891327
24,2.0,A,0.003250093184359261,7.723909024572994e-06,0.0032445267157841053,7.698827664771178e-06,5.566468575155491e-06,0.05566468575155491,0.7206802355447507
25,2.083333333333333,A,0.00325017891213302,7.756381296375226e-06,0.003244609669975706,7.731175237555511e-06,5.5692421573141394e-06,0.055692421573141394,0.7180206780082874
26,2.1666666666666665,A,0.003256008438052769,7.811648480687084e-06,0.0032504160247892122,7.786187428054769e-06,5.592413263556632e-06,0.05592413263556632,0.7159069276328656
27,2.25,A,0.0032573642340998623,7.829449387122542e-06,0.003251766036141107,7.803948703699722e-06,5.598197958755179e-06,0.055981979587551786,0.715018091561176
28,2.333333333333333,A,0.003262903984834619,7.865330032102345e-06,0.003257284992097713,7.839657847263909e-06,5.618992736905904e-06,0.05618992736905904,0.7144001223053559
29,2.4166666666666665,A,0.0032686592817185714,7.947419913318923e-06,0.0032630151083062426,7.921481221084617e-06,5.644173412328729e-06,0.05644173412328729,0.7101894040945
30,2.5,A,0.0032732807820333725,7.981994496469676e-06,0.003267618809936995,7.955878828603868e-06,5.661972096377473e-06,0.05661972096377473,0.7093430218326615
31,2.583333333333333,A,0.003274767112586892,8.031865275822853e-06,0.003269096326201989,8.005540434666591e-06,5.670786384903096e-06,0.05670786384903096,0.7060360439527084
32,2.6666666666666665,A,0.003282421030452295,8.079683961582996e-06,0.0032767214108236718,8.053131634968244e-06,5.699619628623219e-06,0.05699619628623219,0.7054260606879643
33,2.75,A,0.003286798933461603,8.128296250306038e-06,0.003281081068582256,8.101588744213464e-06,5.717864879347095e-06,0.05717864879347095,0.7034518308965193
34,2.833333333333333,A,0.0032902920236353877,8.185949758022922e-06,0.0032845580392133495,8.159038234721884e-06,5.733984422038197e-06,0.05733984422038197,0.7004666033307141
35,2.9166666666666665,A,0.00329245789752303,8.231002304910133e-06,0.0032867131325672078,8.203982840440895e-06,5.744764955822011e-06,0.05744764955822011,0.6979423335108316
36,3.0,A,0.0032932535112742073,8.246622500692038e-06,0.00328750485798476,8.219531940324566e-06,5.748653289447143e-06,0.05748653289447143,0.6970918444447686
37,3.083333333333333,A,0.0032930959414722125,8.289023649135848e-06,0.0032873443223094293,8.261806982753364e-06,5.75161916278313e-06,0.0575161916278313,0.6938837921379016
38,3.1666666666666665,A,0.0032950829465908725,8.308601871014732e-06,0.0032893231909617493,8.281304428198546e-06,5.759755629123221e-06,0.057597556291232206,0.6932280206151917
39,3.25,A,0.003298527772423621,8.315590215542685e-06,0.0032927561242369983,8.288210670313559e-06,5.771648186622767e-06,0.057716481866227666,0.6940755901890124
40,3.333333333333333,A,0.0033034099370740605,8.324883132899958e-06,0.003297621459357556,8.297468665126507e-06,5.788477716504436e-06,0.05788477716504436,0.6953223996176424
41,3.4166666666666665,A,0.003302733758317833,8.338336527103656e-06,0.0032969463939797865,8.310862891139049e-06,5.787364338046431e-06,0.05787364338046431,0.6940670143540834
42,3.5,A,0.003306568961085801,8.326193092496571e-06,0.003300769968832937,8.29878834999398e-06,5.798992252864076e-06,0.05798992252864076,0.6964758309640973
43,3.583333333333333,A,0.0033062411714801145,8.343176843622238e-06,0.00330044185018347,8.315772242348013e-06,5.79932129664458e-06,0.0579932129664458,0.6950974916800123
44,3.6666666666666665,A,0.0033070277942400237,8.332835004204536e-06,0.003301226738419516,8.305441949141474e-06,5.801055820507661e-06,0.05801055820507661,0.6961683289757443
45,3.75,A,0.0033051624131301693,8.360233066209134e-06,0.0032993652354892035,8.332689777458864e-06,5.797177640965833e-06,0.05797177640965833,0.6934229697970019
46,3.833333333333333,A,0.0033075399631473054,8.345488124518862e-06,0.003301736170433123,8.318063942089686e-06,5.803792714182462e-06,0.05803792714182462,0.6954407732162539
47,3.9166666666666665,A,0.003307925497572549,8.388817422745557e-06,0.003302116828291351,8.36132913226112e-06,5.808669281197679e-06,0.05808669281197679,0.6924300516361188
48,4.0,A,0.0033109980355149034,8.343562884025946e-06,0.003305182996720027,8.316154254239964e-06,5.815038794876326e-06,0.05815038794876326,0.6969491182249526
49,4.083333333333333,A,0.003310657421326685,8.319860291887203e-06,0.0033048454658488003,8.292570400696155e-06,5.811955477884843e-06,0.058119554778848434,0.6985640712683784
50,4.166666666666666,A,0.0033080834211648103,8.327802592884573e-06,0.0033022793006335393,8.300450282067173e-06,5.8041205312710405e-06,0.058041205312710405,0.696957026362535
51,4.25,A,0.0033078381962438888,8.302759406319729e-06,0.003302036957301007,8.275406051992114e-06,5.8012389428816966e-06,0.058012389428816966,0.6987121580887946
52,4.333333333333333,A,0.003308120541106692,8.331672386409443e-06,0.0033023159829565444,8.304217774003751e-06,5.804558150147507e-06,0.05804558150147507,0.6966858370014472
53,4.416666666666666,A,0.0033072914362934766,8.363845339769727e-06,0.0033014869424105872,8.336305514137581e-06,5.804493882889325e-06,0.05804493882889325,0.6939982325222114
54,4.5,A,0.003307516645599877,8.351644503120432e-06,0.0033017124204684657,8.3241773746482e-06,5.804225131411222e-06,0.05804225131411222,0.6949799083572803
55,4.583333333333333,A,0.003307335303677445,8.345405245062886e-06,0.0033015321962501605,8.317912887882912e-06,5.803107427284487e-06,0.058031074272844874,0.6953655642687437
56,4.666666666666666,A,0.003307191077080067,8.366148624464313e-06,0.0033013867215179286,8.338620839309716e-06,5.804355562138205e-06,0.05804355562138205,0.6937906344581417
57,4.75,A,0.0033076755431264856,8.378935887707874e-06,0.0033018685307544685,8.35130119935155e-06,5.807012372017074e-06,0.05807012372017074,0.6930489085775341
58,4.833333333333333,A,0.003307196448019299,8.389694111414837e-06,0.0033013901183372866,8.362034285572959e-06,5.806329682012286e-06,0.05806329682012286,0.6920788296813252
59,4.916666666666666,A,0.0033052444220274795,8.367458576316453e-06,0.003299446375737234,8.339859277103297e-06,5.798046290245509e-06,0.05798046290245509,0.6929279944876575
60,5.0,A,0.003304994178832679,8.380608273093716e-06,0.003299195865554371,8.352920482322963e-06,5.798313278308244e-06,0.05798313278308244,0.6918726051095795
61,5.083333333333333,A,0.003301692151035418,8.414870143223011e-06,0.003295901849310036,8.387096307161159e-06,5.7903017253819675e-06,0.057903017253819675,0.6881035151855833
62,5.166666666666666,A,0.0033043649704974968,8.388536748654708e-06,0.0032985680663624355,8.360874280377015e-06,5.796904135061277e-06,0.05796904135061277,0.6910506931963958
63,5.25,A,0.003304976833512018,8.386741948996662e-06,0.0032991780641919263,8.359076725999614e-06,5.7987693200915735e-06,0.057987693200915735,0.6914209779383164
64,5.333333333333333,A,0.00331027620951624,8.371182274430487e-06,0.003304461266686723,8.343553842554464e-06,5.814942829516969e-06,0.05814942829516969,0.6946381811895949
65,5.416666666666666,A,0.0033107391894862254,8.378307152248961e-06,0.0033049221275833485,8.350634365350908e-06,5.817061902876897e-06,0.058170619028768966,0.6943003875568636
66,5.5,A,0.0033149172888867584,8.32207888837032e-06,0.0033090910958007706,8.294596549481517e-06,5.826193085987745e-06,0.05826193085987745,0.7000886634383571
67,5.583333333333333,A,0.0033192304293292708,8.3521978202112e-06,0.003313387486332314,8.324561083601396e-06,5.842942996956823e-06,0.05842942996956823,0.699569517237449
68,5.666666666666666,A,0.0033186596201085364,8.388588341598091e-06,0.003312815539863316,8.36082636350509e-06,5.844080245220266e-06,0.05844080245220266,0.6966702867322875
69,5.75,A,0.003319780272438598,8.389202433904355e-06,0.0033139324305522765,8.36149843047281e-06,5.847841886321738e-06,0.05847841886321738,0.6970676810334326
70,5.833333333333333,A,0.0033170513363404742,8.430086294823518e-06,0.0033112091036542218,8.402261434293488e-06,5.842232686252471e-06,0.05842232686252471,0.6930216941954539
71,5.916666666666666,A,0.0033160845155312912,8.387905431984115e-06,0.003310249003232375,8.36019397915863e-06,5.835512298916438e-06,0.05835512298916438,0.695705542490371
72,6.0,A,0.003318952795175727,8.382724512673592e-06,0.0033131082349373096,8.354958775927092e-06,5.844560238417364e-06,0.058445602384173644,0.6972148768077905
73,6.083333333333333,A,0.0033206850185266766,8.392320900918624e-06,0.0033148339259016597,8.364553016635008e-06,5.851092625016891e-06,0.05851092625016891,0.6971960074091578
74,6.166666666666666,A,0.003325946082482258,8.416220266190941e-06,0.0033200755707753233,8.388354584576041e-06,5.870511706934905e-06,0.05870511706934905,0.6975235344680223
75,6.25,A,0.0033248026262777466,8.454479299573986e-06,0.003318932699788155,8.426464014627135e-06,5.86992648959157e-06,0.0586992648959157,0.6942978132180595
76,6.333333333333333,A,0.0033252127108410645,8.44024607988968e-06,0.0033193426224427396,8.412228862813327e-06,5.870088398324952e-06,0.05870088398324952,0.6954878261560922
77,6.416666666666666,A,0.0033300698083494245,8.458237558430365e-06,0.003324182107665329,8.430061646884716e-06,5.887700684095373e-06,0.05887700684095373,0.6960907214325134
78,6.5,A,0.003329367446407394,8.483554116087978e-06,0.003323479944883351,8.455320505387078e-06,5.887501524042774e-06,0.05887501524042774,0.6939899767808257
79,6.583333333333333,A,0.0033281944666267954,8.51125918029705e-06,0.00332230851517122,8.482985361808083e-06,5.885951455575529e-06,0.05885951455575529,0.6915488449935917
80,6.666666666666666,A,0.0033301404162516357,8.519928995453597e-06,0.0033242472727870475,8.491666300447224e-06,5.89314346458817e-06,0.0589314346458817,0.6916892696796967
81,6.75,A,0.0033279620870822614,8.525091898653859e-06,0.003322075734363404,8.496801304067925e-06,5.8863527188572455e-06,0.058863527188572455,0.6904738141047747
82,6.833333333333333,A,0.0033271285380172743,8.483497877162844e-06,0.0033212484616130964,8.4553710615501e-06,5.8800764041778975e-06,0.058800764041778975,0.6931193346563771
83,6.916666666666666,A,0.0033275144738050826,8.489662905781296e-06,0.0033216325952657565,8.461563000015617e-06,5.881878539326039e-06,0.05881878539326039,0.6928282788849712
84,7.0,A,0.0033282068791313747,8.455743163895555e-06,0.003322325555854223,8.42780790316335e-06,5.881323277151691e-06,0.05881323277151691,0.695541853998575
85,7.083333333333333,A,0.0033255387168716205,8.452858560471606e-06,0.0033196664791569647,8.42499070194276e-06,5.8722377146557675e-06,0.058722377146557675,0.6947043621570004
86,7.166666666666666,A,0.003327102783127288,8.470679038837307e-06,0.0033212238659449424,8.44269319506555e-06,5.878917182345657e-06,0.05878917182345657,0.6940313941056374
87,7.25,A,0.003331876787663214,8.461693575605501e-06,0.0033259827918923745,8.433614497296121e-06,5.893995770839353e-06,0.05893995770839353,0.6965503676275102
88,7.333333333333333,A,0.0033337870749357906,8.43891487699145e-06,0.003327888649576243,8.410847876977056e-06,5.898425359547772e-06,0.05898425359547772,0.6989554279815907
89,7.416666666666666,A,0.0033362677962011575,8.42833269324059e-06,0.0033303620128797623,8.40028692063663e-06,5.905783321395221e-06,0.05905783321395221,0.7007060039444789
90,7.5,A,0.003334447618929935,8.418743054958375e-06,0.003328548686447055,8.390762042679643e-06,5.898932482879815e-06,0.05898932482879815,0.7006904052506424
91,7.583333333333333,A,0.003333123138192743,8.439951610168417e-06,0.003327226830030488,8.411909542866846e-06,5.8963081622552885e-06,0.058963081622552885,0.6986187166229061
92,7.666666666666666,A,0.003332061164460143,8.41990852323133e-06,0.003326170062883784,8.391911193855813e-06,5.891101576358925e-06,0.05891101576358925,0.6996633704635643
93,7.75,A,0.003335703412845028,8.424550360956344e-06,0.0033297998250452305,8.396471212586878e-06,5.903587799797362e-06,0.05903587799797362,0.7007599868068443
94,7.833333333333333,A,0.0033345637148178967,8.468144929075366e-06,0.0033286602564377315,8.439945741470712e-06,5.903458380165233e-06,0.05903458380165233,0.6971371451019591
95,7.916666666666666,A,0.003333827993356242,8.498187568390716e-06,0.003327924446447244,8.469921334384822e-06,5.903546908997935e-06,0.05903546908997935,0.6946830558266764
96,8.0,A,0.0033273122785641646,8.503275459382543e-06,0.003321429924800538,8.475075772076621e-06,5.882353763626488e-06,0.05882353763626488,0.6917750450076129
97,8.083333333333332,A,0.0033295348295035864,8.463684978044598e-06,0.003323648437750477,8.435643988093239e-06,5.886391753109205e-06,0.05886391753109205,0.6954880490447038
98,8.166666666666666,A,0.0033328238454684877,8.459519268028668e-06,0.0033269268903693906,8.431390915799102e-06,5.896955099097059e-06,0.05896955099097059,0.6970792207287252
99,8.25,A,0.0033337912003337123,8.434531814342438e-06,0.0033278931264352574,8.406517342394971e-06,5.8980738984549044e-06,0.058980738984549044,0.6992769756853093
100,8.333333333333332,A,0.0033312445486868157,8.45298547433342e-06,0.0033253533775339968,8.425043875135426e-06,5.89117115281897e-06,0.0589117115281897,0.6969337840112084
101,8.416666666666666,A,0.0033353448018482498,8.474495101643987e-06,0.003329438207759122,8.446369741053812e-06,5.9065940891276855e-06,0.059065940891276855,0.6969847782414614
102,8.5,A,0.003340923561610188,8.434859511403959e-06,0.0033350017384571433,8.406833444735388e-06,5.921823153044736e-06,0.05921823153044736,0.7020654161504897
103,8.583333333333332,A,0.0033393059023134344,8.421802337226591e-06,0.0033333905575064528,8.393811474315017e-06,5.915344806981578e-06,0.05915344806981578,0.702384664246297
104,8.666666666666666,A,0.0033399890053341257,8.431794801468646e-06,0.003334070552999345,8.403727657217183e-06,5.918452334780899e-06,0.059184523347808986,0.7019208216203299
105,8.75,A,0.0033391685897584985,8.471909533343152e-06,0.0033332494999960428,8.44371578559233e-06,5.919089762455778e-06,0.05919089762455778,0.6986724467677371
106,8.833333333333332,A,0.0033409800612757543,8.446505479771977e-06,0.0033350570765399044,8.418388795434274e-06,5.922984735849939e-06,0.05922984735849939,0.7012349367480475
107,8.916666666666666,A,0.0033420456606136732,8.412801940654192e-06,0.003336121949566273,8.384790828283316e-06,5.923711047400339e-06,0.05923711047400339,0.7041305725711287
108,9.0,A,0.003341742191090444,8.39894918368729e-06,0.0033358206512110558,8.370914905449748e-06,5.921539879388035e-06,0.059215398793880346,0.7050334214295569
109,9.083333333333332,A,0.003343585043653593,8.36789857587374e-06,0.0033376599521755014,8.339932330234768e-06,5.9250914780915355e-06,0.059250914780915355,0.7080740073947256
110,9.166666666666666,A,0.0033446145208481434,8.365798279287747e-06,0.0033386861740047754,8.337820032029268e-06,5.928346843367925e-06,0.05928346843367925,0.7086409025717815
111,9.25,A,0.0033433003069490725,8.376760130176599e-06,0.003337375428767286,8.348738553822017e-06,5.924878181786438e-06,0.05924878181786438,0.707299491654601
112,9.333333333333332,A,0.003342702539863561,8.324337960044624e-06,0.0033367840014663264,8.296485602373108e-06,5.918538397234503e-06,0.05918538397234503,0.7109920843726504
113,9.416666666666666,A,0.003346217870665693,8.35538827538972e-06,0.0033402850439214014,8.327421977595753e-06,5.932826744291676e-06,0.059328267442916756,0.7100599695368377
114,9.5,A,0.0033478832496822816,8.349865156444743e-06,0.003341945328941207,8.321864460068357e-06,5.937920741074659e-06,0.05937920741074659,0.7111397166086625
115,9.583333333333332,A,0.003350431163181412,8.332042122414454e-06,0.0033444862138229986,8.304116530260043e-06,5.9449493584134115e-06,0.059449493584134115,0.7135044771822022
116,9.666666666666666,A,0.003352839513941388,8.336498500652576e-06,0.0033468861509808085,8.308563698260596e-06,5.9533629605795085e-06,0.059533629605795085,0.7141323134783126
117,9.75,A,0.003348345192841095,8.276215854739742e-06,0.0033424118076185974,8.248536159864217e-06,5.933385222497631e-06,0.05933385222497631,0.7169200666871943
118,9.833333333333332,A,0.00334883663279093,8.305919302960536e-06,0.0033428991601719034,8.278164068790359e-06,5.93747261902651e-06,0.0593747261902651,0.7148483391730251
119,9.916666666666666,A,0.0033501279024011382,8.33914962800749e-06,0.0033441833776227713,8.311191736783476e-06,5.9445247783669435e-06,0.059445247783669435,0.7128454391083153
