t,mean_em,mean_exact,mean_analytic,var_em,var_exact,var_analytic,mean_err_em_bp,mean_err_exact_bp,var_err_em_rel,var_err_exact_rel
0.0,0.037199999999999095,0.037199999999999095,0.0372,8.137867801816254e-31,8.137867801816254e-31,0.0,-9.020562075079397e-12,-9.020562075079397e-12,,
0.08333333333333333,0.037287077825019506,0.037285286543225736,0.03731426952009441,8.439269326600915e-06,8.097200629310038e-06,7.995558537067671e-06,-0.2719169507490321,-0.2898297686867307,0.05549465837516987,0.012712319192105262
0.16666666666666666,0.0374588666776163,0.037453622920791234,0.037423875639037894,1.5931894833551177e-05,1.529924798731575e-05,1.5351827510938586e-05,0.34991038578402467,0.29747281753339516,0.03778490360182052,-0.0034249683684480256
0.25,0.03760637456627072,0.037598316918926906,0.03752900867276313,2.2714316607942435e-05,2.1830452919468256e-05,2.2119921692859512e-05,0.7736589350759021,0.6930824616377396,0.02687147465240794,-0.013086338071653249
0.3333333333333333,0.0376862873843337,0.037676915203327985,0.037629851170306275,2.9282653271421918e-05,2.816534852110697e-05,2.8346868942621073e-05,0.5643621402742771,0.47064033021709806,0.03301191149876315,-0.006403543963939465
0.41666666666666663,0.03772406868780366,0.0377142985459678,0.03772657823077822,3.509331947926396e-05,3.378104160682326e-05,3.407593697995563e-05,-0.025095429745589093,-0.12279684810420632,0.029856332341111604,-0.008654064987437711
0.5,0.037805620747369324,0.03779457274181817,0.03781935780740006,4.0130870285938506e-05,3.865978407777917e-05,3.934693402873666e-05,-0.13737060030737103,-0.24785065581893473,0.019923693587645442,-0.017463875341739103
0.5833333333333333,0.037913730533170834,0.037900913255669993,0.037908350999130785,4.4705698135597455e-05,4.3098903808465555e-05,4.419648542299529e-05,0.05379534040048095,-0.07437743460791957,0.01152156574733475,-0.02483413791899999
0.6666666666666666,0.03795761849503598,0.03794441948367399,0.037993712330393385,4.893574344031501e-05,4.721064399668866e-05,4.86582880967408e-05,-0.3609383535740224,-0.4929284671939538,0.0057021188871787575,-0.029751233688574904
0.75,0.03803828228562646,0.03802396422231058,0.03807559001938528,5.3348532181292874e-05,5.150000295805566e-05,5.276334472589853e-05,-0.37307733758817907,-0.516257970746975,0.011090795294239689,-0.023943549720091366
0.8333333333333333,0.03804955886143981,0.0380355884345901,0.038154126235438755,5.725958073966654e-05,5.5310989617765404e-05,5.654017914929217e-05,-1.0456737399894278,-1.1853780084865317,0.012723723221230289,-0.02174010677046391
0.9166666666666666,0.03811459852193615,0.03809986071804071,0.0382294573458785,6.125108810374282e-05,5.920201061527045e-05,6.001503456551527e-05,-1.1485882394235425,-1.2959662783779136,0.02059573150588147,-0.013547004615273323
1.0,0.0382010032184505,0.03818509207345936,0.038301714152804624,6.489846931053895e-05,6.276538147212315e-05,6.321205588285577e-05,-1.007109343541257,-1.1662207934526325,0.02667866760746436,-0.007066285133335944
1.0833333333333333,0.0382714787269063,0.03825476854859376,0.03837102212021253,6.821872340065443e-05,6.601587788760649e-05,6.615345748932578e-05,-0.9954339330623535,-1.1625357161876986,0.031219319287459746,-0.0020797038724919554
1.1666666666666665,0.03836256999084521,0.03834467146547789,0.038437501591843865,7.155820256680042e-05,6.928284247845816e-05,6.885967760854023e-05,-0.7493160099865392,-0.9283012636597532,0.039188753882947465,0.006145321683374437
1.25,0.03840186794119073,0.03838389036104536,0.038501268000146825,7.388411935239152e-05,7.157529006579969e-05,7.134952031398098e-05,-0.9940005895609644,-1.1737763910146803,0.03552370117215603,0.0031642784818339043
1.3333333333333333,0.03848192470092576,0.03846303682585829,0.03856243206670874,7.640499046419244e-05,7.405522716970401e-05,7.364028618842733e-05,-0.8050736578298079,-0.9939524085045282,0.03754336680184693,0.005634700824151395
1.4166666666666665,0.038577739848903655,0.038557656394163135,0.03862109999450885,7.777901519764592e-05,7.542922604698012e-05,7.574789253643513e-05,-0.433601456051938,-0.6344360034571395,0.026814246485257737,-0.004206935385056791
1.5,0.03871138342098822,0.038689378882184704,0.03867737365232516,7.956791804637727e-05,7.720063561085563e-05,7.768698398515703e-05,0.34009768663058326,0.12005229859543554,0.02421170142967088,-0.006260358548535177
1.5833333333333333,0.038757022789965824,0.038734977947033164,0.038731350751615524,8.093946918970161e-05,7.857053863369474e-05,7.947103424200907e-05,0.2567203835029952,0.03627195417639506,0.01847761214760065,-0.011331117266853546
1.6666666666666665,0.0387976185543927,0.03877563846036001,0.03878312501618018,8.276579271626699e-05,8.037872313645382e-05,8.111243971624381e-05,0.1449353821252053,-0.07486555820168661,0.02038347022734263,-0.00904567267803507
1.75,0.038834739191578274,0.03881289248097982,0.03883278634490018,8.417462482732563e-05,8.178264987961815e-05,8.262260565495549e-05,0.019528466780951992,-0.19893863920358856,0.018784437504326696,-0.010166173877947228
1.8333333333333333,0.03891366817174183,0.03889109343790763,0.03888042096783443,8.49989923602043e-05,8.261843795362579e-05,8.401202539203061e-05,0.3324720390739805,0.10672470073198881,0.011747924937747166,-0.016587951925951534
1.9166666666666665,0.038951980300948506,0.038929539163557375,0.038926111595946326,8.628571354233247e-05,8.389929278967601e-05,8.529035326070231e-05,0.2586870500217997,0.03427567611048732,0.011670256290153893,-0.01630970464824224
2.0,0.03902231338745218,0.03899934484237759,0.03896993756471996,8.740349945446543e-05,8.50206956445982e-05,8.646647167633873e-05,0.5237582273221603,0.29407277657628184,0.010836891571500522,-0.016720654881725278
2.083333333333333,0.039079381872297876,0.039056179258576955,0.03901197497191522,8.865565246080919e-05,8.626592026880925e-05,8.754855285558771e-05,0.6740690038265634,0.4420428666173509,0.012645550030366028,-0.01465052870598756
2.1666666666666665,0.03909043477230428,0.0390679500316717,0.03905229680970112,9.021458928507687e-05,8.780616587818e-05,8.854411560073124e-05,0.3813796260316443,0.15653221970578224,0.01886600451099693,-0.008334260470552926
2.25,0.0391271236875114,0.03910480262958905,0.03909097309139662,9.137652869938835e-05,8.897039529113913e-05,8.946007754381357e-05,0.3615059611478122,0.13829538192428048,0.021422417777764383,-0.005473751712708018
2.333333333333333,0.03921792669867866,0.03919465470487345,0.03912807097303913,9.290080292527729e-05,9.047081807191557e-05,9.03028032135595e-05,0.8985572563952743,0.6658373183431737,0.028769867814332526,0.001860571902277807
2.4166666666666665,0.039240322929014214,0.03921753978128104,0.0391636548699917,9.439851738828784e-05,9.195521842584539e-05,9.107814825907399e-05,0.7666805902251106,0.538849112893397,0.03645626522586934,0.009629863842604173
2.5,0.039250272399160416,0.039228213074938977,0.03919778656879147,9.455765815563784e-05,9.214774374616737e-05,9.179150013761012e-05,0.5248583036894516,0.30426506147505916,0.03013523053747686,0.003881008677526548
2.583333333333333,0.03927874121632816,0.039256997000919745,0.03923052533443343,9.56035242807183e-05,9.319016456959987e-05,9.244781554912262e-05,0.4821588189473508,0.2647166648631766,0.03413502755961684,0.008029924948121638
2.6666666666666665,0.039277403713924845,0.0392565721494897,0.039261928013275965,9.58543487866487e-05,9.346389874749767e-05,9.305165487771986e-05,0.15475700648880097,-0.05355863786263293,0.030119764260097173,0.004430269083548798
2.75,0.03930902208470212,0.039288391112978105,0.039292049131746706,9.57325896991305e-05,9.337471834366205e-05,9.360721387932925e-05,0.16972952955413012,-0.0365801876860139,0.022705256696787367,-0.002483735238257479
2.833333333333333,0.03938039186986882,0.03935913944302037,0.03932094099102018,9.694131519771143e-05,9.457173442808172e-05,9.411835283575701e-05,0.5945087884863531,0.3819845200019045,0.029993750176234804,0.004817143295270869
2.9166666666666665,0.03940518158621263,0.03938428705608816,0.03934865375783158,9.718173606958177e-05,9.482762070608876e-05,9.458862337771785e-05,0.5652782838105191,0.3563329825657935,0.027414636129219478,0.0025267026819549886
3.0,0.039406670332691345,0.03938659628004813,0.0393752355515844,9.862519887404404e-05,9.624512281256845e-05,9.50212931632136e-05,0.3143478110694681,0.11360728463735703,0.037927348606382055,0.012879530562194402
3.083333333333333,0.03941058512528316,0.039391248394364003,0.039400732527903146,9.829640313823431e-05,9.595389907939292e-05,9.541936858273786e-05,0.09852597380011208,-0.09484133539142126,0.030151473419170474,0.005601907711132777
3.1666666666666665,0.03945185068619574,0.039432456399108945,0.03942518895877625,9.840740153234475e-05,9.608363978167963e-05,9.578561564907236e-05,0.26661727419489967,0.07267440332692221,0.02737139460352549,0.0031113662587828393
3.25,0.03945559959899339,0.039436918421975324,0.03944864730942826,0.00010017380280832491,9.781661003549555e-05,9.61225792168278e-05,0.0695228956513333,-0.11728887452933101,0.04214643036532118,0.017623651305136576
3.333333333333333,0.03951551839262697,0.039496371092912694,0.039471148312054824,0.00010119970875345923,9.883169865605945e-05,9.643260066527476e-05,0.44370080572148085,0.25222780857869775,0.04943461086081752,0.024878495179365242
3.4166666666666665,0.03951365817072408,0.039495328942669834,0.03949273103654862,0.00010108138920247106,9.873482913799857e-05,9.67178341673337e-05,0.20927134175459383,0.025979061212128007,0.04511634356480611,0.020854426570132107
3.5,0.03950884379194476,0.03949135973379204,0.03951343295833876,0.00010151610194951457,9.917091085432269e-05,9.698026165776816e-05,-0.04589166393995092,-0.2207322454671895,0.04677075741198603,0.02258860884790211
3.583333333333333,0.0394975194507714,0.03948097935525983,0.03953329002346175,0.00010172943537191154,9.938882641826129e-05,9.722170660458758e-05,-0.35770572690350944,-0.523106682019242,0.046365456077184834,0.022290493443893604
3.6666666666666665,0.03947708879434995,0.03946164056645959,0.039552336710976854,0.00010140970713103513,9.909551401399565e-05,9.744384667934927e-05,-0.7524791662690683,-0.9069614451726743,0.0406989316086423,0.016949939795392006
3.75,0.03947913435699202,0.03946427315086243,0.0395706060928342,0.00010183133536704655,9.951573279543582e-05,9.76482254143991e-05,-0.9147173584218155,-1.0633294197177205,0.042838566035329206,0.01912484710409639
3.833333333333333,0.03957789479116009,0.039561616310490266,0.039588129891299666,0.00010173495941466777,9.943063446064491e-05,9.783626292805069e-05,-0.10235100139574516,-0.2651358080939942,0.039849196708220645,0.016296324950256277
3.9166666666666665,0.039583809432384064,0.03956807293038568,0.039604938534036245,0.00010167342303780828,9.938800002665238e-05,9.800926579222664e-05,-0.21129101652181403,-0.3686560365056407,0.037385824860165943,0.01406738662187888
4.0,0.039621797612726724,0.03960592424666427,0.03962106120693749,0.00010272417826824577,0.00010041539852897461,9.816843611112658e-05,0.007364057892367271,-0.1513696027321404,0.04640740280269003,0.022888848054016787
4.083333333333333,0.03961004437251142,0.03959505835149691,0.03963652590480477,0.00010265256068417328,0.00010036133426678043,9.831487987400525e-05,-0.26481532293350096,-0.41467553307861227,0.04412028795363382,0.02081530685281621
4.166666666666666,0.039631285119141844,0.039616474606494485,0.039651359479956454,0.00010287618273683656,0.00010059021012372198,9.844961464009908e-05,-0.20074360814609227,-0.34884873461968335,0.044962777283787565,0.021743055993141778
4.25,0.039630744902372735,0.03961654878790081,0.039665587688853185,0.00010359024266528351,0.00010129589101367292,9.857357660910009e-05,-0.34842786480450416,-0.4903890095237645,0.05089260457776978,0.02761708054246976
4.333333333333333,0.03964145513412189,0.039627617976733344,0.03967923523682047,0.0001036110489434194,0.00010132986459315535,9.868762712630591e-05,-0.37780102698579954,-0.5161726008712925,0.04988894718090867,0.02677374604891207
4.416666666666666,0.03965721229339591,0.039643616133961765,0.03969232582094609,0.00010277957173799871,0.00010053432567485977,9.879255866764672e-05,-0.35113527550180434,-0.4870968698432454,0.04035742290838848,0.017630548603084835
4.5,0.03967160677487803,0.03965826972701434,0.03970488217122678,0.00010278710407322748,0.00010054840923411287,9.888910034617578e-05,-0.33275396348751707,-0.46612444212439097,0.03941793092874918,0.016779492200135613
4.583333333333333,0.039711246641420755,0.03969764124551114,0.03971692609003579,0.00010309254497514564,0.00010084865166867365,9.897792297828538e-05,-0.056794486150354984,-0.19284844524652955,0.04157110871848627,0.018900464205524766
4.666666666666666,0.03968690998782083,0.03967435730344331,0.039728478489979666,0.00010286921201301544,0.00010064916742991362,9.905964374485048e-05,-0.4156850215883412,-0.5412118653635306,0.0384573184815537,0.016046127615371854
4.75,0.03965802621252165,0.03964657631353217,0.039739559430210146,0.00010205633775155707,9.98648345472507e-05,9.913483047968795e-05,-0.8153321768849392,-0.9298311667797765,0.029470038509499585,0.007363749592655242
4.833333333333333,0.03961754913589295,0.03960739431762844,0.03975018815125407,0.00010251561412680084,0.00010031683166953091,9.920400561512935e-05,-1.32639015361119,-1.4279383362562903,0.03338180238930227,0.0112175516250711
4.916666666666666,0.039632710646052074,0.03962265867349874,0.03976038310842196,0.00010159968120329626,9.944147313205319e-05,9.926764981212346e-05,-1.2767246236988772,-1.3772443492322122,0.023492360256200925,0.0017510570690321737
5.0,0.03964289046372626,0.03963303919020155,0.03977016200385308,0.000102740281592203,0.00010055189282209853,9.932620530009145e-05,-1.2727154012682345,-1.371228136515315,0.034372362075010286,0.012340021631793338
5.083333333333333,0.03967231142601035,0.039662258706873586,0.03977954181725279,0.00010222896327871161,0.0001000596082292689,9.93800789497423e-05,-1.0723039124244105,-1.1728311037920158,0.02866655328790811,0.006837681019253731
5.166666666666666,0.03967027264470161,0.039660670961504774,0.039788538835375434,0.00010197478376854975,9.980572637499085e-05,9.942964510019927e-05,-1.1826619067382276,-1.2786787387066012,0.02559738260943848,0.00378238577048716
5.25,0.039648973150280584,0.03964019847472658,0.0397971686803041,0.0001016119878962525,9.94514622383487e-05,9.947524816008187e-05,-1.4819553002351493,-1.5697020557751962,0.02148011465859378,-0.00023911397230081028
5.333333333333333,0.03962220436849433,0.03961433487688053,0.03980544633657616,0.00010208544316556263,9.992034874050238e-05,9.951720500061687e-05,-1.832419680818237,-1.9111145969562955,0.02580697644120779,0.004050995402081653
5.416666666666666,0.03963094990633992,0.03962322138300009,0.03981338617720189,0.00010157493694971276,9.942900080552703e-05,9.955580715740658e-05,-1.8243627086197285,-1.9016479420180117,0.020281386389783978,-0.0012737212976341426
5.5,0.0396759573317675,0.03966762154663431,0.03982100198862122,0.0001014599249887058,9.931655721763905e-05,9.95913228561536e-05,-1.4504465685372114,-1.5338044198691392,0.01876270019277827,-0.002758931507631542
5.583333333333333,0.039696992704167294,0.03968856542750483,0.039828306994641974,0.00010051913607059479,9.84081193996313e-05,9.962399887641746e-05,-1.3131429047467946,-1.3974156713714159,0.008985156230154378,-0.012204684518781834
5.666666666666666,0.03971067706036189,0.03970231260840092,0.039835313879401195,9.955733890270811e-05,9.747332053626013e-05,9.965406226635354e-05,-1.2463681903930601,-1.3300127100027148,-0.0009705912779240721,-0.021883119267780225
5.75,0.03973844461062527,0.03972985209062926,0.03984203480938942,0.00010044618240771295,9.833304708882535e-05,9.968172192034903e-05,-1.035901987641516,-1.1218271876016483,0.007669013663054136,-0.013529810737031075
5.833333333333333,0.03974377696492359,0.039735425152287056,0.0398484814545761,0.000100302680050653,9.819839584124446e-05,9.970717003051819e-05,-1.0470448965251011,-1.1305630228904129,0.0059725897340435945,-0.015132053079150888
5.916666666666666,0.039748628792269064,0.03974051771866385,0.039854665008672886,0.00010014280931134548,9.8042304008187e-05,9.973058342214219e-05,-1.0603621640382226,-1.1414729000903956,0.004133394943238353,-0.016928402061070855
6.0,0.039790584277019946,0.039781944393003164,0.03986059620856998,9.991691019709719e-05,9.782989740279994e-05,9.975212478233337e-05,-0.7001193155003332,-0.786518155668145,0.0016519489196184366,-0.01927003944755936
6.083333333333333,0.03981340313242464,0.03980464798687496,0.039866285352979286,0.00010094483701368521,9.883072517204641e-05,9.977194379046079e-05,-0.5288222055464809,-0.6163736610432374,0.011755741931696886,-0.00943370032352088
6.166666666666666,0.03984794051473942,0.039838834928897095,0.039871742320316664,0.00010235105844149426,0.00010019572866185228,9.979017815819191e-05,-0.2380180557724071,-0.32907391419569054,0.025662648675130392,0.004064032263951542
6.25,0.03986072696107018,0.039851730713400785,0.03987697658585446,0.00010232421469078528,0.00010017581360436499,9.980695458637723e-05,-0.1624962478427583,-0.25245872453671936,0.025221289586884535,0.0036957246067310023
6.333333333333333,0.039874813111393216,0.03986589516459199,0.039881997238174025,0.00010253091221988921,0.00010037715167704522,9.982238964542657e-05,-0.07184126780808431,-0.16102073582033305,0.02713341750366255,0.005557490995649312
6.416666666666666,0.03989259224042671,0.03988367382268558,0.039886812994946765,0.00010182950301509754,9.970176716887298e-05,9.983659058529437e-05,0.05779245479946293,-0.03139172261183709,0.019961743666522213,-0.0013504409118037964
6.5,0.03990221706835753,0.03989346521985663,0.03989143221807118,0.00010081299700001885,9.871368881881641e-05,9.984965608070224e-05,0.10784850286355008,0.020330017854522375,0.009647914245573335,-0.011376776911156294
6.583333333333333,0.039950633098652336,0.03994124675656871,0.03989586292819215,0.00010045330699256687,9.836019741171486e-05,9.986167691677663e-05,0.5477017046018329,0.45383828376557855,0.00592449570302429,-0.015035592746084963
6.666666666666666,0.039933189620781656,0.03992454336949381,0.039900112818627695,0.000101488686222351,9.935726556453143e-05,9.987273661986602e-05,0.3307680215396125,0.24430550866115508,0.016180087350921152,-0.005161278971423128
6.75,0.039923833508795754,0.03991573149540066,0.03990418926872734,0.00010206814864640496,9.990874055763291e-05,9.988291203792088e-05,0.19644240068415753,0.11542226673322276,0.021877982568774542,0.00025858797250744747
6.833333333333333,0.03993846428152955,0.03993039310934827,0.03990809935668534,0.0001022247393863525,0.0001000730975333314,9.989227387446878e-05,0.30364924844206165,0.2229375266292466,0.023349808963352262,0.0018101866325503234
6.916666666666666,0.039921690598878935,0.039914292093964555,0.03991184987183104,0.0001013347525271952,9.920745507951755e-05,9.990088717989535e-05,0.09840727047898123,0.02442222133518246,0.014352879016157625,-0.006941200623464957
7.0,0.03988010486557953,0.03987385958111598,0.03991544732641751,0.00010237819313449757,0.00010021585756367836,9.990881180344456e-05,-0.35342460837979595,-0.41587745301531476,0.02471635170590509,0.00307326005275557
7.083333333333333,0.03984418656963703,0.03983893127216414,0.03991889796692928,0.00010303634391908155,0.00010085230792806388,9.991610280907904e-05,-0.7471139729225279,-0.7996669476514201,0.031228611027440775,0.009369912283045692
7.166666666666666,0.03987760299784852,0.03987187747304998,0.03992220778492845,0.00010271781163332262,0.0001005639090583532,9.992281085809007e-05,-0.4460478707993265,-0.503303118784687,0.027971598789409455,0.006415934407345832
7.25,0.039929139579596006,0.03992259208584396,0.039925382527458204,0.00010302961341673957,0.00010087358908537115,9.992898256111574e-05,0.03757052137801087,-0.02790441614247685,0.031028344091540244,0.009452778363651309
7.333333333333333,0.03989584106067431,0.039890242389108786,0.03992842770702178,0.00010261682647892011,0.00010046710447809505,9.993466080201327e-05,-0.32586646347469717,-0.3818531791299068,0.02683919328270547,0.0053279179796951485
7.416666666666666,0.03987087925286434,0.0398660198797137,0.03993134861115417,0.00010227065366960587,0.0001001384726137893,9.993988503583594e-05,-0.6046935828982886,-0.6532873144046714,0.023321706173007616,0.0019870703061360606
7.5,0.039918998141010034,0.03991335141205595,0.039934150311603175,0.00010207396344151455,9.994008112220861e-05,9.994469156298523e-05,-0.15152170593141223,-0.2079889954722386,0.02130450197234795,-4.612992150475123e-05
7.583333333333333,0.03992026694886943,0.03991482444660856,0.03993683767313584,0.00010277310167170087,0.00010062360988337788,9.994911378144267e-05,-0.16570724266411208,-0.22013226527284324,0.02825425642525831,0.006748395022392291
7.666666666666666,0.03995292750957242,0.03994703812173722,0.03993941536198542,0.00010262602225239908,0.00010048220222425894,9.995318241883473e-05,0.13512147586998424,0.07622759751801933,0.02674091778653255,0.005292675957104118
7.75,0.04000474005489663,0.03999802995713856,0.03994188785395364,0.00010188396337270187,9.977118058747819e-05,9.995692574594243e-05,0.6285220094299354,0.5614210318492102,0.019278680415375456,-0.0018582520128354598
7.833333333333333,0.039978975944226815,0.03997306725230769,0.03994425944218235,0.00010204511068660158,9.99216108195303e-05,9.996036977314002e-05,0.34716502044465636,0.2880781012534056,0.020855674285648253,-0.0003877431996068189
7.916666666666666,0.04002786232729652,0.04002119370661853,0.03994653424460792,0.00010096039531947875,9.887147828940252e-05,9.996353843112697e-05,0.8132808268859759,0.7465946201060808,0.00997220490587772,-0.010924584692216193
8.0,0.040067413926579885,0.04006020767474541,0.03994871621111155,0.00010122595518126969,9.911767133268289e-05,9.996645373720975e-05,1.186977154683383,1.114914636338657,0.012599241015099865,-0.00849067234852727
8.083333333333332,0.040097669717896106,0.04009013823479191,0.03995080913037758,0.00010122302593628372,9.911674456076784e-05,9.996913594828815e-05,1.4686058751852555,1.3932910441433188,0.012542771087310174,-0.008526545512619435
8.166666666666666,0.04007088272012559,0.040064207383129706,0.03995281663647215,0.00010174645623918617,9.962658326809372e-05,9.997160370160968e-05,1.1806608365344529,1.113907466575581,0.017753566731548927,-0.0034511843437638632
8.25,0.0401221676203676,0.04011471480078525,0.03995474221515314,0.0001020880554351905,9.99572357104134e-05,9.997387414426984e-05,1.6742540521445803,1.5997258563211352,0.02114733783217938,-0.00016642781925630337
8.333333333333332,0.04011380544288329,0.04010682836252781,0.039956589209922774,0.0001023623431916584,0.00010022108427611036,9.997596305235805e-05,1.5721623296051368,1.5023915260503617,0.02386953890157156,0.0024518015757840975
8.416666666666666,0.040107757418999614,0.04010118925311478,0.03995836082783315,0.00010261440072663509,0.00010046433656107231,9.997788494057729e-05,1.4939659116646604,1.428284252816339,0.026370989820647246,0.004865592233563964
8.5,0.04008095717344422,0.04007520614121096,0.0399600601450548,0.00010286536441277249,0.00010071755391638969,9.997965316309894e-05,1.2089702838941756,1.1514599615616157,0.028862985201259156,0.007380509233083647
8.583333333333332,0.040075539363321186,0.0400701342085675,0.0399616901122181,0.00010296411386758046,0.00010082261018720925,9.99812800063538e-05,1.138492511030889,1.0844409634939989,0.029833923520854077,0.008414877073007898
8.666666666666666,0.040095412063216915,0.04008982080289329,0.03996325355953657,0.00010291701892670969,0.00010077554569631144,9.998277677440392e-05,1.321585036803477,1.265672433567247,0.029347476105074047,0.007929054858081095
8.75,0.04012016525289237,0.04011429560721911,0.03996475320172119,0.00010262352075935365,0.000100493257579766,9.998415386748842e-05,1.5541205117118595,1.4954240549792246,0.026397851957253585,0.005091843983120658
8.833333333333332,0.04011901018739884,0.04011340409113887,0.03996619164269411,0.00010266267110335553,0.00010052559507391715,9.998542085428926e-05,1.528185447047317,1.4721244844476122,0.026776406261947792,0.005402529838976212
8.916666666666666,0.04011328073236935,0.040108021092283626,0.03996757138011001,0.00010226540205738998,0.0001001547436471155,9.998658653841876e-05,1.4570935225933361,1.4044971217361257,0.02279121228021533,0.001681796674118173
9.0,0.04010925387932905,0.04010429167675133,0.03996889480969292,0.00010178021876178155,9.967972901995113e-05,9.998765901959134e-05,1.4035906963612983,1.3539686705840714,0.01792780988940821,-0.0030796800591148836
9.083333333333332,0.040148255571659394,0.04014269759830326,0.03997016422939608,0.00010130639092392391,9.921902330743609e-05,9.998864574990397e-05,1.780913422633132,1.7253336890717814,0.013178948110927974,-0.007697098372478156
9.166666666666666,0.04015136399432781,0.040145969634079216,0.03997138184339199,0.00010120363329843499,9.91101096609854e-05,9.998955358561684e-05,1.7998215093582153,1.7458779068722785,0.01214206553866237,-0.00879535804586228
9.25,0.040137015070581095,0.04013213511425951,0.0399725497658997,0.00010163834481304628,9.953440539971777e-05,9.999038883479387e-05,1.6446530468139375,1.5958534835981002,0.016481143812483848,-0.004560272646098855
9.333333333333332,0.04016376304818868,0.040158534955101244,0.039973670024855815,0.00010255857090686826,0.00010041638173772637,9.999115730113402e-05,1.900930233328657,1.8486493024542916,0.02567640654465282,0.004252620412340522
9.416666666666666,0.040134657352154116,0.04013023907563507,0.03997474456543575,0.00010316488602502752,0.00010100871605744449,9.99918643242981e-05,1.5991278671836224,1.5549451019931937,0.03173279868488635,0.010169344676367802
9.5,0.04016589584723622,0.04016101863719741,0.03997577525343126,0.00010242768113438297,0.00010028961094975808,9.999251481701125e-05,1.9012059380495856,1.8524338376615241,0.024353486076714243,0.002971183726007198
9.583333333333332,0.040160987294688956,0.04015641012408616,0.039976763878490126,0.00010258758157801517,0.00010043851991024867,9.999311329919871e-05,1.842234161988296,1.7964624559603515,0.025946469643897498,0.004454372869831771
9.666666666666666,0.04011291561801026,0.04010951004104578,0.03997771215722362,0.0001025527595887248,0.00010041144724433534,9.999366392939255e-05,1.352034607866384,1.317978838221573,0.025592578157144795,0.004178097876659472
9.75,0.04010025052077399,0.040097243592672895,0.03997862173618719,0.00010272670494897461,0.00010057765431042483,9.999417053362692e-05,1.2162878458679693,1.1862185648570112,0.027326937168089826,0.005835177927714198
9.833333333333332,0.04011938347403019,0.04011610778751737,0.03997949419473946,0.00010312130280681897,0.00010095824723787395,9.999463663202317e-05,1.3988927929073358,1.366135927779108,0.03126833878402721,0.009636622906054765
9.916666666666666,0.04012793680715534,0.04012462001649621,0.039980331047784555,0.00010350244601923242,0.0001013264089062293,9.999506546324933e-05,1.4760575937078357,1.4428896871165193,0.03507553637506386,0.013314091418533722
10.0,0.04010669635005391,0.04010395021931125,0.039981133748402564,0.00010277841079664171,0.00010062285030193651,9.999546000702376e-05,1.2556260165134252,1.2281647090868486,0.02783077141124681,0.006274187796812841
