t_yr,mean_hw_pct,mean_vas_pct,sd_hw_pct,sd_vas_pct,forward_pct,p_neg_hw_pct,p_neg_vas_pct
0.0,3.7199999999999096,3.7199999999999096,9.02101313701308e-14,9.02101313701308e-14,3.734183914732659,0.0,0.0
0.08333333333333333,3.723026314721119,3.7341019849405943,0.2885803834354001,0.28858038343540005,3.734183914732659,0.0,0.0
0.16666666666666666,3.678502220528699,3.747188559546879,0.40216273815707043,0.4021627381570707,3.687120800239792,0.0,0.0
0.25,3.630855454520679,3.7566516786667314,0.4765247685909184,0.4765247685909184,3.6400576857469247,0.0,0.0
0.3333333333333333,3.6404695838124495,3.7697357478627667,0.5473053427992699,0.5473053427992697,3.6461595002496843,0.0,0.0
0.41666666666666663,3.6453710365908276,3.7776564262180132,0.5944964146365498,0.5944964146365499,3.652261314752444,0.0,0.0
0.5,3.6485794530746074,3.783456282708382,0.6364265904702912,0.6364265904702912,3.6583631292552035,0.0,0.0
0.5833333333333333,3.5841741666197304,3.7950171548276144,0.6759304379883189,0.6759304379883184,3.5906840812771454,0.0,0.0
0.6666666666666666,3.51678779806617,3.803211235645075,0.7029491229271282,0.7029491229271273,3.523005033299088,0.0,0.0
0.75,3.4498908554654486,3.81152833566836,0.7282279035891647,0.7282279035891648,3.45532598532103,0.0,0.0
0.8333333333333333,3.38493187560178,3.821435231513189,0.7521115267113778,0.7521115267113777,3.387646937342972,0.0,0.0
0.9166666666666666,3.316971209790377,3.828009516634665,0.7784103230024614,0.7784103230024619,3.319967889364914,0.0,0.0
1.0,3.2476966549315653,3.832955292957151,0.800466612197939,0.8004666121979386,3.252288841386856,0.0,0.0
1.0833333333333333,3.3273295329642045,3.839311547000791,0.8163657142331419,0.8163657142331422,3.331807553267975,0.0,0.0
1.1666666666666665,3.4064114895016386,3.8448322808736535,0.8303072377021228,0.830307237702123,3.411326265149094,0.0,0.0
1.25,3.486874449872282,3.8514632380280744,0.844934173183506,0.844934173183506,3.4908449770302137,0.0,0.0
1.3333333333333333,3.5627759779253747,3.8532750679813565,0.8559323587468057,0.8559323587468056,3.570363688911333,0.0,0.0
1.4166666666666665,3.6483685738173315,3.8645326671503013,0.8649941564233241,0.8649941564233243,3.649882400792452,0.0,0.0
1.5,3.7254099993618803,3.8670055444540474,0.8722104841436491,0.872210484143649,3.7294011126735716,0.0,0.0
1.5833333333333333,3.8060053189075918,3.8728098998452,0.8853772105203421,0.8853772105203421,3.8089198245546907,0.0,0.0
1.6666666666666665,3.887853944850382,3.879655705059293,0.894454366124784,0.894454366124783,3.88843853643581,0.0,0.0
1.75,3.9685151122273012,3.885112211197302,0.9005313168112009,0.9005313168112011,3.9679572483169294,0.0,0.0
1.8333333333333333,4.04814731844487,3.8893474193496895,0.9085229349681679,0.9085229349681676,4.047475960198049,0.0,0.0
1.9166666666666665,4.123676574759847,3.8892963610259867,0.9173527099538191,0.9173527099538195,4.126994672079168,0.0,0.0
2.0,4.203567339930812,3.893432058940946,0.9238593197725403,0.9238593197725407,4.206513383960287,0.0,0.0
2.083333333333333,4.106743237890423,3.893531603970837,0.9277410285066601,0.9277410285066611,4.113186762002233,0.0,0.0
2.1666666666666665,4.016946109985802,3.9004992297470444,0.9343424913665724,0.9343424913665724,4.0198601400441785,0.0,0.01
2.25,3.9219529217719318,3.9021192433693357,0.9364738444439665,0.9364738444439663,3.9265335180861243,0.0,0.0
2.333333333333333,3.8321070409281464,3.908741990517269,0.9407589416716695,0.9407589416716701,3.8332068961280696,0.0,0.0
2.4166666666666665,3.742652492018652,3.9156181299674886,0.9505777465301535,0.950577746530153,3.7398802741700146,0.0,0.0
2.5,3.651977876257943,3.9211425719243915,0.9547054594324635,0.9547054594324635,3.6465536522119604,0.0,0.0
2.583333333333333,3.5576774674806355,3.922915591442402,0.9606648521599916,0.9606648521599912,3.553227030253906,0.01,0.0
2.6666666666666665,3.4708740602904924,3.932065692988407,0.9663757961961892,0.9663757961961892,3.4599004082958515,0.02,0.01
2.75,3.3802666264747914,3.9372972822986996,0.9721906493056157,0.9721906493056156,3.366573786337797,0.02,0.01
2.833333333333333,3.288709281146449,3.9414696470560138,0.9790845881666248,0.9790845881666248,3.273247164379743,0.03,0.0
2.9166666666666665,3.195670071248723,3.9440557590806375,0.9844779408529067,0.9844779408529056,3.179920542421688,0.08,0.0
3.0,3.1010945179137703,3.9450058295817185,0.9863438328389466,0.9863438328389467,3.086593920463634,0.1,0.0
3.083333333333333,3.169295078383963,3.9448131867713396,0.9914168379304046,0.9914168379304046,3.1570908949623875,0.09,0.0
3.1666666666666665,3.2401538984765907,3.9471878291540965,0.9937565313838267,0.9937565313838268,3.227587869461142,0.06,0.01
3.25,3.3128445147085093,3.9513073490844075,0.9945852804376263,0.9945852804376263,3.298084843959896,0.04,0.0
3.333333333333333,3.387337066109385,3.957145751229073,0.9956962398151813,0.9956962398151816,3.36858181845865,0.04,0.0
3.4166666666666665,3.455260504809458,3.956335672775748,0.9973035469366861,0.9973035469366867,3.4390787929574036,0.01,0.0
3.5,3.5286581661218723,3.9609239625994976,0.9958546019992782,0.9958546019992791,3.509575767456158,0.0,0.0
3.583333333333333,3.5971462989190064,3.9605302202201447,0.9978926690817594,0.9978926690817602,3.5800727419549117,0.02,0.0
3.6666666666666665,3.667039347825059,3.961472086103436,0.9966530338969749,0.9966530338969758,3.6505697164536657,0.0,0.0
3.75,3.733822986476913,3.9592382825870605,0.9999227732950637,0.9999227732950635,3.7210666909524197,0.0,0.0
3.833333333333333,3.80574890091444,3.9620834045197464,0.9981676730507613,0.9981676730507616,3.7915636654511737,0.0,0.0
3.9166666666666665,3.8753470574114735,3.9625401939496236,1.003359495871337,1.003359495871337,3.8620606399499278,0.0,0.0
4.0,3.948225751926593,3.9662195960640334,0.9979385105087961,0.9979385105087958,3.932557614448682,0.0,0.0
4.083333333333333,4.017075403788555,3.9658145590185656,0.9951084480835368,0.9951084480835368,4.003054588947435,0.0,0.0
4.166666666666666,4.0833036767020054,3.962735160760226,0.9960540338480605,0.99605403384806,4.073551563446189,0.0,0.01
4.25,4.152371212969743,3.962444348761217,0.9930487262390505,0.9930487262390512,4.144048537944944,0.0,0.0
4.333333333333333,4.222112867799239,3.9627791795478573,0.9965061328804515,0.9965061328804518,4.214545512443698,0.0,0.0
4.416666666666666,4.290571216543572,3.9617843308926974,1.0003566616965127,1.000356661696513,4.2850424869424515,0.0,0.0
4.5,4.360339352754499,3.9620549045621707,0.9989012849577842,0.9989012849577841,4.355539461441206,0.0,0.0
4.583333333333333,4.429663092912872,3.9618386355002033,0.998149546545952,0.9981495465459524,4.4260364359399595,0.0,0.0
4.666666666666666,4.4990691461964065,3.9616640658215165,1.0006345007171666,1.0006345007171669,4.496533410438714,0.0,0.0
4.75,4.5692668025628675,3.962242236905346,1.0021561439221858,1.0021561439221855,4.567030384937468,0.0,0.0
4.833333333333333,4.638349381551656,3.961668142004752,1.003444114268754,1.0034441142687545,4.637527359436222,0.0,0.0
4.916666666666666,4.705709153305883,3.9593356508846886,1.0007831132523959,1.0007831132523959,4.708024333934976,0.0,0.0
5.0,4.775134863980044,3.9590350386652284,1.0023504578787563,1.0023504578787563,4.77852130843373,0.0,0.0
5.083333333333333,4.745386776555762,3.9550822191720356,1.0064515568593375,1.0064515568593368,4.7534640936618535,0.0,0.0
5.166666666666666,4.722822170249587,3.9582816796349505,1.0033049136452399,1.0033049136452417,4.728406878889977,0.0,0.0
5.25,4.697819966093748,3.9590136770303355,1.0030892071199544,1.0030892071199544,4.7033496641181,0.0,0.01
5.333333333333333,4.67845419534424,3.965353520024068,1.0012264611065331,1.0012264611065336,4.678292449346224,0.0,0.01
5.416666666666666,4.653328980941043,3.9659065531000133,1.0020761238421083,1.0020761238421085,4.653235234574348,0.0,0.01
5.5,4.632679693370284,3.9709093149609362,0.9953515859377834,0.9953515859377833,4.628178019802472,0.0,0.0
5.583333333333333,4.61220839331814,3.9760649835987825,0.9989473300321673,0.9989473300321676,4.603120805030595,0.0,0.0
5.666666666666666,4.585919100912048,3.975378647835991,1.003299163620611,1.0032991636206106,4.578063590258719,0.0,0.0
5.75,4.56167940286841,3.97671891666274,1.003379811656739,1.0033798116567387,4.553006375486842,0.0,0.01
5.833333333333333,4.532853455554924,3.973450924385068,1.0082713721152174,1.0082713721152172,4.527949160714965,0.0,0.0
5.916666666666666,4.506164456258137,3.9722988038788687,1.0032232774990362,1.0032232774990362,4.502891945943089,0.0,0.0
6.0,4.484078836625856,3.975729881924782,1.0025950531112504,1.00259505311125,4.477834731171212,0.0,0.01
6.083333333333333,4.460652292737302,3.9778007110819864,1.0037463619962002,1.0037463619962004,4.452777516399336,0.0,0.0
6.166666666666666,4.441463398626414,3.9840906849303916,1.006602550149126,1.0066025501491265,4.42772030162746,0.0,0.02
6.25,4.414630806318405,3.982719239745784,1.0111756817552555,1.0111756817552557,4.402663086855583,0.0,0.0
6.333333333333333,4.389678536698705,3.983211146931282,1.0094674635376004,1.0094674635376004,4.3776058720837066,0.0,0.0
6.416666666666666,4.370057994204155,3.9890185291983973,1.0116073976261655,1.0116073976261655,4.35254865731183,0.0,0.0
6.5,4.343803038694871,3.9881759338600102,1.0146384606464494,1.0146384606464494,4.327491442539953,0.0,0.0
6.583333333333333,4.316999869473468,3.986770218205439,1.0179582434169714,1.0179582434169716,4.302434227768077,0.0,0.0
6.666666666666666,4.2939432018357575,3.989096727344451,1.0189999560536653,1.0189999560536658,4.277377012996201,0.0,0.0
6.75,4.265967852865011,3.9864908812360875,1.0196161564881498,1.0196161564881492,4.252319798224324,0.0,0.01
6.833333333333333,4.23961871950124,3.985498153935711,1.0146445273860107,1.014644527386011,4.227262583452448,0.0,0.01
6.916666666666666,4.214735818140117,3.985959114318902,1.0153875600018747,1.0153875600018747,4.202205368680572,0.01,0.01
7.0,4.19023552450339,3.9867906670250566,1.011336948379601,1.0113369483796006,4.1771481539086945,0.0,0.01
7.083333333333333,4.220433653835373,3.9835997749883547,1.0109988842331308,1.0109988842331312,4.210800297827753,0.0,0.03
7.166666666666666,4.25570256354759,3.9854686391339267,1.0131231834078673,1.0131231834078678,4.244452441746811,0.01,0.02
7.25,4.29482388024962,3.991179350270855,1.0120337396755341,1.0120337396755343,4.278104585665869,0.0,0.02
7.333333333333333,4.330531630564297,3.9934663794914824,1.0093017452372488,1.009301745237249,4.311756729584927,0.01,0.01
7.416666666666666,4.366930077558927,3.9964344154557185,1.0080344304763975,1.0080344304763975,4.345408873503984,0.01,0.01
7.5,4.398193779275726,3.994258423736459,1.006891445121558,1.0068914451215574,4.379061017423043,0.01,0.01
7.583333333333333,4.430056137169775,3.992672196036573,1.0094291451440225,1.009429145144022,4.4127131613421,0.01,0.01
7.666666666666666,4.462245120636307,3.9914040754605473,1.0070293432626956,1.0070293432626949,4.446365305261157,0.0,0.01
7.75,4.500066099839502,3.9957597900542554,1.0075765455104229,1.0075765455104242,4.480017449180215,0.0,0.0
7.833333333333333,4.532171699952224,3.9943923077252768,1.0127934889764851,1.0127934889764851,4.513669593099273,0.0,0.0
7.916666666666666,4.564769300000469,3.993509335736683,1.0163905601261778,1.0163905601261787,4.547321737018331,0.0,0.0
8.0,4.590463621295213,3.9857159097606383,1.0170090926491953,1.0170090926491946,4.580973880937389,0.0,0.0
8.083333333333332,4.626620458260444,3.988378125300571,1.0122772785711884,1.0122772785711887,4.614626024856447,0.0,0.0
8.166666666666666,4.664055808617461,3.992312268443263,1.0117669098958912,1.0117669098958915,4.648278168775505,0.0,0.0
8.25,4.698722808704797,3.9934717517223106,1.008782081087394,1.0087820810873938,4.681930312694563,0.0,0.0
8.333333333333332,4.729188671881543,3.990424053040799,1.0110052650162495,1.01100526501625,4.715582456613621,0.0,0.0
8.416666666666666,4.767609821670062,3.9953258493109622,1.013564368926458,1.0135643689264573,4.749234600532678,0.0,0.0
8.5,4.807810960975145,4.002002086148576,1.0088200133682474,1.008820013368247,4.782886744451736,0.0,0.0
8.583333333333332,4.839407762764117,4.000068669007739,1.0072573769178021,1.0072573769178024,4.816538888370793,0.0,0.0
8.666666666666666,4.873759070050291,4.000884663599214,1.008447318866062,1.0084473188660623,4.850191032289852,0.0,0.0
8.75,4.906313999581794,3.9998993999952632,1.0132458942710798,1.0132458942710802,4.88384317620891,0.0,0.0
8.833333333333332,4.94202796066164,4.00206849184789,1.0102066554521112,1.0102066554521112,4.917495320127967,0.0,0.0
8.916666666666666,4.976855157857553,4.003346339479545,1.0061748993939972,1.0061748993939972,4.951147464047026,0.0,0.0
9.0,5.010047242207703,4.002984781453285,1.0045097886539684,1.004509788653969,4.9847996079660835,0.0,0.0
9.083333333333332,5.045812158909747,4.005191942610597,1.00079187962817,1.00079187962817,5.0184517518851415,0.0,0.01
9.166666666666666,5.080605321721284,4.00642340880574,1.0005384038435121,1.0005384038435121,5.052103895804199,0.0,0.01
9.25,5.1125979002555955,4.004850514520741,1.0018486264586435,1.0018486264586435,5.0857560397232575,0.0,0.01
9.333333333333332,5.14545727856996,4.004140801759584,0.9955782722847741,0.9955782722847741,5.119408183642315,0.0,0.01
9.416666666666666,5.183231087530621,4.008342052705688,0.9992906373114911,0.9992906373114905,5.153060327561373,0.0,0.01
9.5,5.218799309540142,4.010334394729434,0.9986237352082037,0.9986237352082039,5.186712471480432,0.0,0.02
9.583333333333332,5.255427434468742,4.013383456587592,0.9964939836312062,0.9964939836312062,5.220364615399489,0.0,0.02
9.666666666666666,5.291889472151277,4.016263381176975,0.9970276437912697,0.9970276437912697,5.254016759318547,0.0,0.02
9.75,5.320105295749451,4.01089416914231,0.9898243391837058,0.9898243391837078,5.287668903237605,0.0,0.01
9.833333333333332,5.354277954846513,4.011478992206295,0.9933796882548412,0.9933796882548415,5.321321047156662,0.0,0.01
9.916666666666666,5.389409535200043,4.0130200531473195,0.9973430084140187,0.9973430084140188,5.35497319107572,0.0,0.01
10.0,5.428499710956824,4.018517138230212,0.995136108701563,0.9951361087015631,5.388625334994778,0.0,0.01
